"battle_id","name_tr","name_en","date_ce","date_hijri","lat","lon","location_tr","dynasty_id_1","role_1","dynasty_id_2_or_enemy","role_2","battle_type","significance","result_summary","related_ruler_ids","narrative_tr","narrative_en","long_term_impact_tr","long_term_impact_en","tactical_note_tr","causes_event_id","caused_by_event_id"
"1","Bedir Savaşı","Battle of Badr","624","2","23.74","38.79","Bedir, Hicaz","","","","","Meydan Muharebesi","Kritik","Müslümanların ilk büyük zaferi; Kureyş ordusuna karşı","","Bedir, İslam tarihinin ilk büyük meydan muharebesidir. 624 yılında Hz. Muhammed komutasındaki 313 kişilik küçük Müslüman kuvveti, yaklaşık bin kişilik Kureyş ordusunu Bedir kuyuları yakınında karşıladı. Sayısal dezavantaja rağmen kazanılan bu zafer, genç Müslüman topluluğuna hem askeri güven hem de siyasi meşruiyet kazandırdı. Kureyş'in ticaret kervanlarına yönelik tehdit algısıyla başlayan çatışma, Arap Yarımadası'ndaki güç dengesini kalıcı biçimde değiştirdi.","Badr was the first major pitched battle in Islamic history. In 624 CE, a small Muslim force of 313 under Prophet Muhammad confronted a Quraysh army of roughly 1,000 near the wells of Badr. Despite being outnumbered, the Muslims secured a decisive victory that gave the young community both military confidence and political legitimacy. What began as a dispute over caravan raiding permanently shifted the balance of power in the Arabian Peninsula.","Bedir zaferi, Medine İslam devletinin meşruiyetini güçlendirerek Arap kabilelerinin İslam'a katılımını hızlandırdı ve altı yıl içinde Mekke'nin fethine giden süreci başlattı.","The victory at Badr consolidated the legitimacy of the Medinan state, accelerated tribal conversions, and set in motion the chain of events leading to the conquest of Mecca within six years.","Hz. Muhammed su kuyularını kontrol altına alarak düşmanı susuz bırakma stratejisi uyguladı; savunma pozisyonu seçimi sayısal dezavantajı dengeledi.","","1"
"2","Uhud Savaşı","Battle of Uhud","625","3","24.5","39.61","Uhud Dağı, Medine","","","","","Meydan Muharebesi","Yüksek","Kureyş karşı saldırısı; kısmî mağlubiyet","","Uhud Savaşı, Bedir'in intikamını almak isteyen Kureyş ordusunun 625'te Medine yakınlarında Müslümanlara saldırmasıyla gerçekleşti. Savaşın ilk safhasında Müslümanlar üstünlük sağladıysa da okçuların Hz. Muhammed'in emrine rağmen mevzilerini terk etmesi, Hâlid b. Velîd komutasındaki Kureyş süvarisine fırsat verdi. Hz. Muhammed yaralandı, amcası Hamza şehit düştü. Bedir'in ardından ilk ciddi askeri ders olarak İslam askeri geleneğinde önemli bir yere sahiptir.","The Battle of Uhud in 625 was Quraysh's counterattack to avenge their defeat at Badr. Though Muslims initially gained the upper hand, archers abandoned their positions against orders, allowing Khalid ibn al-Walid's cavalry to flank the Muslim army. Prophet Muhammad was wounded and his uncle Hamza was killed. While technically a setback, Uhud became a crucial military lesson in discipline that shaped Islamic military doctrine.","Uhud, Müslüman askeri disiplinin önemini göstererek sonraki savaşlarda komuta zinciri ve mevzi sadakatinin temelini attı.","Uhud demonstrated the critical importance of military discipline, establishing principles of chain of command and positional fidelity that shaped subsequent Islamic warfare.","Okçu tepesinin terk edilmesi askeri tarihte 'yan kuşatma' (flank attack) riskinin klasik örneklerinden biri olarak incelenir.","",""
"3","Hendek Savaşı","Battle of the Trench","627","5","24.47","39.61","Medine","","","","","Kuşatma","Yüksek","Medine savunması; koalisyon geri çekildi","","627 yılında Kureyş, Gatafân ve Yahudi kabilelerinden oluşan yaklaşık 10.000 kişilik bir koalisyon ordusu Medine'yi kuşattı. Selmân-ı Fârisî'nin önerisiyle şehrin savunmasız kuzey tarafına hendek kazıldı. Bu taktik Arap savaş geleneğinde görülmemiş bir yenilikti. İki haftalık kuşatma sonunda fırtına ve lojistik sorunlar koalisyonu dağıttı. Hendek Savaşı, Medine'nin savunulabilirliğini kanıtlayarak Kureyş'in son büyük taarruz girişimini başarısız kıldı.","In 627, a coalition of roughly 10,000 Quraysh, Ghatafan and Jewish tribes besieged Medina. On the advice of Salman al-Farisi, a trench was dug along the city's exposed northern flank — an innovation unknown in Arabian warfare. After a two-week siege, storms and logistical failures dissolved the coalition. The Battle of the Trench proved Medina could withstand the largest force Arabia could muster, marking the last major Quraysh offensive.","Koalisyonun başarısızlığı Kureyş'in askeri ve siyasi prestijini kalıcı olarak sarstı; iki yıl içinde Hudeybiye Barışı ve ardından Mekke'nin fethi geldi.","The coalition's failure permanently damaged Quraysh military prestige; within two years came the Treaty of Hudaybiyyah and then the conquest of Mecca.","Hendek savunması, İran kökenli bir kuşatma savunma tekniğinin Arap savaş sahnesine ilk uyarlanmasıdır.","47",""
"4","Yermük Savaşı","Battle of Yarmouk","636","15","32.78","36.02","Yermük Vadisi, Suriye","1","Galip","Bizans","","Meydan Muharebesi","Kritik","Suriye'nin İslam fethini kesinleştirdi","1-002","Yermük, İslam fetih tarihinin en belirleyici meydan muharebesidir. 636'da Suriye'deki müslüman kuvvetleri, Herakleios'un gönderdiği büyük Bizans ordusunu Yermük Vadisi'nde karşıladı. Hâlid b. Velîd'in komutasındaki İslam ordusu, altı günlük bir mücadelenin ardından Bizans kuvvetlerini imha etti. Bu zafer Suriye, Filistin ve sonunda tüm Doğu Akdeniz'in İslam egemenliğine geçişini kesinleştirdi ve Bizans İmparatorluğu'nu kalıcı olarak savunmaya çekilmeye zorladı.","Yarmouk was the most decisive battle of the early Islamic conquests. In 636, Muslim forces met the large Byzantine army sent by Heraclius in the Yarmouk Valley. Under Khalid ibn al-Walid's command, the Islamic army destroyed the Byzantine force after six days of combat. This victory secured Muslim control over Syria, Palestine, and eventually the entire Eastern Mediterranean, permanently pushing Byzantium onto the defensive.","Yermük, Bizans'ın Levant'taki yedi yüz yıllık varlığını sona erdirdi; Suriye ve Filistin kalıcı olarak İslam coğrafyasına katıldı.","Yarmouk ended seven centuries of Byzantine presence in the Levant; Syria and Palestine permanently became part of the Islamic world.","Hâlid b. Velîd mobil süvari rezervini son anda devreye sokarak Bizans'ın geri çekilme hattını kesti — klasik çevirme manevrası.","3",""
"5","Kādisiye Savaşı","Battle of al-Qadisiyyah","636","15","32.05","44.52","Kādisiye, Irak","1","Galip","Sâsânî İmparatorluğu","","Meydan Muharebesi","Kritik","Sâsânî ordusunu yıktı; Irak fethi başladı","1-002","636'daki Kādisiye Savaşı, Sâsânî İmparatorluğu'nun çöküşünü başlatan darbe oldu. Sa'd b. Ebû Vakkâs komutasındaki İslam ordusu, Rüstem-i Ferruhzâd liderliğindeki Sâsânî ordusunu Irak'ın güneyinde yendi. Sâsânîlerin savaş filleri başlangıçta müslümanlarda panik yarattıysa da, gelen takviye birlikler ve şiddetli kum fırtınası savaşın seyrini değiştirdi. Bu zafer tüm Mezopotamya'yı İslam'a açtı ve kadim İran-Arap sınırını ortadan kaldırdı.","The Battle of al-Qadisiyyah in 636 struck the blow that began the collapse of the Sasanian Empire. The Muslim army under Sa'd ibn Abi Waqqas defeated the Sasanian forces led by Rustam Farrukhzad in southern Iraq. Though Sasanian war elephants initially caused panic, reinforcements and a fierce sandstorm turned the tide. This victory opened all of Mesopotamia to Islam and erased the ancient Iranian-Arab frontier.","Kādisiye, İslam dünyasının Mezopotamya'nın zengin tarım topraklarını ve ticaret ağlarını kazanmasını sağladı; Bağdat'ın gelecekteki kuruluşunun coğrafi zeminini hazırladı.","Qadisiyyah gave the Islamic world Mesopotamia's rich agricultural lands and trade networks, preparing the geographic ground for Baghdad's future founding.","Üç gün süren savaşta 'Karanlık Gece' (Leyletü'l-Herîr) adlı gece baskını taktik dönüm noktası oldu.","",""
"6","Nihâvend Savaşı","Battle of Nihavand","642","21","34.19","48.39","Nihâvend, İran","1","Galip","Sâsânî İmparatorluğu","","Meydan Muharebesi","Kritik","Fethu'l-fütûh; Sâsânî İmparatorluğu'nun sonu","1-002","642'deki Nihâvend Savaşı, İslam kaynaklarında 'Fethu'l-Fütûh' (Zaferlerin Zaferi) olarak anılır. Nu'mân b. Mukarrin komutasındaki müslüman ordusu, Sâsânîlerin son büyük ordusunu İran'ın batısındaki Nihâvend'de yendi. Bu zafer Sâsânî İmparatorluğu'nun organize direnişini sona erdirdi. Son Sâsânî şahı III. Yezdicerd doğuya kaçarak yıllarca mücadele ettiyse de, imparatorluk fiilen çökmüştü. İran, İslam medeniyetinin en verimli kültürel havzalarından biri haline gelecekti.","The Battle of Nihavand in 642, called 'Victory of Victories' in Islamic sources, saw the Muslim army under Nu'man ibn Muqarrin defeat the last major Sasanian force in western Iran. This ended organized Sasanian resistance. Though the last shah Yazdegerd III fled eastward and fought for years, the empire was effectively finished. Iran would become one of the most productive cultural basins of Islamic civilization.","Nihâvend, Fars kültürünün İslam medeniyetine entegrasyonunu başlattı; İranlı bürokratlar, edebiyatçılar ve bilginler Abbâsî altın çağının temel taşları olacaktı.","Nihavand initiated the integration of Persian culture into Islamic civilization; Iranian bureaucrats, literati and scholars would become cornerstones of the Abbasid golden age.","İslam komutanları Sâsânî ordusunu dar geçide çekerek sayısal üstünlüğünü etkisiz kıldı.","",""
"7","Cemel Vak'ası","Battle of the Camel","656","36","30.51","47.81","Basra, Irak","1","Galip (Ali)","Muhalefet (Âişe, Talha, Zübeyr)","","İç Savaş","Kritik","İlk fitne; Hz. Ali'nin zaferi","1-004","656'daki Cemel Vak'ası, İslam tarihinin ilk iç savaşıdır. Hz. Osman'ın şehadetinin ardından halife olan Hz. Ali ile Hz. Âişe, Talha ve Zübeyr liderliğindeki muhalefet Basra yakınlarında karşılaştı. Hz. Âişe'nin devesinin etrafında yoğunlaşan çatışma nedeniyle 'Cemel (Deve) Savaşı' adını aldı. Hz. Ali zafer kazandı, ancak bu savaş İslam toplumundaki birliğin kırılganlığını ortaya koydu ve bir yıl sonra Sıffîn'de daha derin bir bölünmeye zemin hazırladı.","The Battle of the Camel in 656 was Islam's first civil war. Following the assassination of Caliph Uthman, the new caliph Ali faced opposition from Aisha, Talha and Zubayr near Basra. Named for the fierce fighting around Aisha's camel, the battle ended in Ali's victory but revealed the fragility of Muslim unity, setting the stage for the deeper split at Siffin a year later.","Cemel, İslam siyasi tarihinde 'fitne' döneminin başlangıcı olarak kabul edilir; halife seçim meselesi yüzyıllar sürecek teolojik ve siyasi tartışmaları doğurdu.","The Camel marked the beginning of the 'fitna' period; the question of caliphal succession would generate theological and political debates lasting centuries.","Devenin etrafında savunma hattı kurulması, Arap savaş geleneğinde 'sembol etrafında birleşme' taktiğinin son büyük uygulamasıydı.","",""
"8","Sıffîn Savaşı","Battle of Siffin","657","37","35.95","38.98","Sıffîn, Suriye (Fırat kıyısı)","1","Belirsiz","Mu'āwiya kuvvetleri","","İç Savaş","Kritik","Ali-Muaviye anlaşmazlığı; tahkim olayı; Hâricîler ayrıldı","1-004","657'de Fırat kıyısındaki Sıffîn'de Hz. Ali ile Muâviye kuvvetleri karşı karşıya geldi. Haftalarca süren mevzi savaşlarının ardından Hz. Ali'nin kuvvetleri üstünlük sağlamak üzereyken, Amr b. el-Âs'ın önerisiyle Muâviye askerleri mızraklarına Kur'ân sayfaları taktı. Bu hamle Müslümanlar arasında savaşın durdurulmasını sağladı ve mesele tahkime (hakeme) bırakıldı. Tahkim sonucu belirsiz kaldı, ancak Hz. Ali'nin ordusundan ayrılan Hâricîler yeni bir siyasi-dinî akım olarak ortaya çıktı.","At Siffin on the Euphrates in 657, the forces of Ali and Mu'awiya clashed. After weeks of positional warfare, as Ali's forces gained the upper hand, Mu'awiya's troops raised Quran pages on their lances at Amr ibn al-As's suggestion. This halted the fighting and led to arbitration. The arbitration proved inconclusive, but the Kharijites who broke from Ali's army emerged as a new politico-religious movement.","Sıffîn ve ardından gelen tahkim, İslam'da üç büyük siyasi-teolojik akımın (Sünnî, Şiî, Hâricî) kesin ayrışmasının başlangıç noktasıdır.","Siffin and the subsequent arbitration marked the beginning of the definitive split between Sunni, Shia, and Kharijite political-theological currents in Islam.","Mızraklara Kur'ân sayfaları takma, savaş tarihinde 'psikolojik savaş' ve 'dini sembolizm' kullanımının en etkili örneklerinden biridir.","",""
"9","Kerbelâ Faciası","Battle of Karbala","680","61","32.62","44.02","Kerbelâ, Irak","2","Galip","Hz. Hüseyin ve taraftarları","","Meydan Muharebesi","Kritik","Hz. Hüseyin'in şehit edilmesi; Sünnî-Şiî ayrılığının derinleşmesi","2-002","680'deki Kerbelâ faciası, İslam tarihinin en trajik ve en etkili olaylarından biridir. Hz. Muhammed'in torunu Hz. Hüseyin, Emevî halifesi Yezîd'in meşruiyetini reddederek Kûfe'ye doğru yola çıktı. Ancak Kûfeliler söz verdikleri desteği göndermedi ve Hüseyin, 72 kişilik küçük grubuyla Fırat kıyısında Emevî ordusunun kuşatmasına uğradı. Susuz bırakılarak şehit edilmesi, Sünnî-Şiî ayrışmasını telafisi güç biçimde derinleştirdi.","The tragedy of Karbala in 680 is one of the most consequential events in Islamic history. Prophet Muhammad's grandson Husayn refused to recognize the legitimacy of the Umayyad caliph Yazid and set out toward Kufa. But the Kufans failed to send promised support, and Husayn's small party of 72 was surrounded by the Umayyad army near the Euphrates. His martyrdom after being denied water irreparably deepened the Sunni-Shia division.","Kerbelâ, Şiî kimliğinin kurucu olayı oldu; Aşûrâ matem geleneği İslam tarihinde kalıcı bir siyasi ve dini sembol haline geldi.","Karbala became the foundational event of Shia identity; the Ashura mourning tradition became a permanent political and religious symbol in Islamic history.","Emevî komutanı Ömer b. Sa'd, su kaynaklarını keserek klasik kuşatma-abluka taktiği uyguladı.","",""
"10","Zâb Savaşı","Battle of the Zab","750","132","35.87","43.74","Büyük Zab Nehri, Irak","3","Galip","2","Mağlup","Meydan Muharebesi","Kritik","Abbâsî devrimi; Emevî Halifeliği'nin sonu","","750'de Büyük Zab Nehri kıyısında Abbâsî kuvvetleri, son Emevî halifesi II. Mervân'ın ordusunu kesin yenilgiye uğrattı. Bu savaş, yarım yüzyıldan fazla süren gizli Abbâsî propagandasının askeri sonucuydu. Özellikle Horasan'daki Ebû Müslim'in topladığı kuvvetler, Emevî ordusunun omurgasını kırdı. Zab, İslam tarihinin en önemli hanedan değişikliğini gerçekleştirdi: Şam merkezli Arap-aristokrat Emevî modeli yerini Bağdat merkezli kozmopolit Abbâsî modeline bıraktı.","At the Great Zab River in 750, Abbasid forces decisively defeated the last Umayyad caliph Marwan II. This battle was the military culmination of over half a century of clandestine Abbasid propaganda. The forces raised by Abu Muslim in Khurasan broke the Umayyad army's backbone. The Zab effected the most important dynastic change in Islamic history: the Damascus-centered Arab-aristocratic Umayyad model gave way to the Baghdad-centered cosmopolitan Abbasid model.","Abbâsî devrimi İslam medeniyetinin kozmopolit altın çağını başlattı; İranlı, Türk ve diğer halklar yönetim ve kültürde eşit rol kazandı.","The Abbasid revolution launched the cosmopolitan golden age of Islamic civilization; Persians, Turks and other peoples gained equal roles in governance and culture.","Abbâsî ordusu Horasan'dan gelen zırhlı piyade ağırlıklıydı ve Emevî hafif süvarisi karşısında üstünlük sağladı.","11",""
"11","Poitiers (Balâtüşşühedâ) Savaşı","Battle of Tours/Poitiers","732","114","46.58","0.35","Poitiers, Fransa","2","Mağlup","Frank Krallığı (Charles Martel)","","Meydan Muharebesi","Kritik","İslam'ın Avrupa'daki en ileri noktası; geri çekilme","","732'deki Poitiers (Balâtüşşühedâ) Savaşı, İslam ordularının Avrupa'daki en ileri noktasını işaret eder. Endülüs valisi Abdurrahman el-Gāfikī komutasındaki müslüman kuvvetleri, Frank kralı Charles Martel'in ağır piyadesine yenildi. Abdurrahman savaşta öldü. Batı tarih yazımında 'Avrupa'yı kurtaran savaş' olarak anılsa da, İslam kaynakları bunu büyük bir stratejik hedef değil, bir akın seferi olarak değerlendirir. Yine de savaş, İslam'ın Pirene'lerin ötesine genişlemesinin fiili sonu oldu.","The Battle of Tours/Poitiers in 732 marked the farthest point of Islamic armies in Europe. The Muslim force under the Andalusian governor Abd al-Rahman al-Ghafiqi was defeated by Charles Martel's heavy Frankish infantry. Abd al-Rahman was killed. While Western historiography treats this as 'the battle that saved Europe,' Islamic sources view it as a failed raid rather than a major strategic objective. Nonetheless, the battle effectively ended Islamic expansion beyond the Pyrenees.","Poitiers sonrası İslam'ın Avrupa'daki yayılma yönü Akdeniz ve İber Yarımadası ile sınırlı kaldı; Frank İmparatorluğu güçlenerek Karolenj dönemini başlattı.","After Poitiers, Islamic expansion in Europe was limited to the Mediterranean and Iberia; the Frankish empire strengthened, launching the Carolingian era.","Charles Martel'in ağır piyadesinin 'kare dizilişi' Arap hafif süvarisinin hücumlarını püskürtmekte etkili oldu.","","10"
"12","Talas Savaşı","Battle of Talas","751","133","42.52","72.23","Talas Nehri, Orta Asya","3","Galip","Tang Çin Hanedanı","","Meydan Muharebesi","Yüksek","İslam'ın Orta Asya hakimiyetini pekiştirdi; kâğıt teknolojisi transferi","","751'deki Talas Savaşı, İslam ve Çin arasındaki tek büyük askeri karşılaşmadır. Abbâsî komutanı Ziyâd b. Sâlih ile Tang hanedanı generali Gao Xianzhi Orta Asya hakimiyeti için Talas Nehri'nde karşılaştı. Karluk Türklerinin Abbâsî tarafına geçmesiyle Çin ordusu yenildi. Askeri sonuçtan çok daha önemlisi, Çinli savaş esirleri aracılığıyla kâğıt yapım teknolojisinin İslam dünyasına aktarılmasıydı — bu, bilgi tarihinde bir devrim noktasıdır.","The Battle of Talas in 751 was the only major military encounter between Islam and China. Abbasid commander Ziyad ibn Salih and Tang general Gao Xianzhi clashed for Central Asian supremacy at the Talas River. The Karluk Turks' defection to the Abbasid side sealed the Chinese defeat. Far more significant than the military outcome was the transfer of papermaking technology through Chinese prisoners of war — a revolution in the history of knowledge.","Kâğıt teknolojisi İslam dünyasında yaygınlaşarak Bağdat, Şam ve Kahire'de kâğıt imalathaneleri kuruldu; bu 'bilgi devrimi' Beytü'l-Hikme çağını mümkün kıldı.","Papermaking spread throughout the Islamic world, with mills established in Baghdad, Damascus and Cairo; this 'knowledge revolution' made the House of Wisdom era possible.","Karluk Türklerinin savaş sırasında taraf değiştirmesi, Orta Asya savaşlarında göçebe müttefiklerin belirleyici rolünü gösteren klasik örnektir.","48",""
"13","Zellâka Savaşı","Battle of Sagrajas/Zallaqa","1086","479","38.88","-6.97","Zellâka, İspanya","14","Galip","Kastilya Krallığı (VI. Alfonso)","","Meydan Muharebesi","Yüksek","Murâbıtlar İspanya'ya geçti; Reconquista durduruldu","","1086'daki Zellâka Savaşı, Reconquista'nın en kritik dönüm noktalarından biridir. Kastilya kralı VI. Alfonso'nun Tuleytula'yı (Toledo) almasının ardından çaresiz kalan Endülüs emîrleri, Kuzey Afrika'daki Murâbıt sultanı Yûsuf b. Tâşfîn'den yardım istedi. Yûsuf, Endülüs kuvvetleriyle birleşerek Alfonso'yu Zellâka'da ağır yenilgiye uğrattı. Bu zafer Hristiyan ilerleyişini birkaç nesil durdurdu, ancak Murâbıtlar ardından Endülüs beyliklerini kendi topraklarına kattı.","The Battle of Sagrajas/Zallaqa in 1086 was a critical turning point in the Reconquista. After Castilian king Alfonso VI captured Toledo, desperate Andalusian emirs summoned the Almoravid sultan Yusuf ibn Tashfin from North Africa. Yusuf, combining forces with the Andalusians, inflicted a crushing defeat on Alfonso at Zallaqa. This victory halted Christian advance for several generations, though the Almoravids subsequently annexed the Andalusian principalities themselves.","Zellâka, Endülüs'ün bağımsız beylikler dönemini sona erdirip Kuzey Afrika merkezli imparatorluklara (Murâbıtlar, sonra Muvahhidler) bağımlı hale gelmesine yol açtı.","Zallaqa ended the era of independent Andalusian principalities, making the peninsula dependent on North African empires (Almoravids, then Almohads).","Yûsuf b. Tâşfîn, Sahra çöl savaşı tecrübesinden gelen deve birliklerini Avrupa meydan muharebesi koşullarına başarıyla uyarladı.","",""
"14","Hıttîn Savaşı","Battle of Hattin","1187","583","32.8","35.44","Hıttîn, Filistin","30","Galip","Haçlılar (Kudüs Krallığı)","","Meydan Muharebesi","Kritik","Salâhaddîn Eyyûbî'nin zaferi; Kudüs'ün geri alınması","","1187'deki Hıttîn Savaşı, Haçlı tarihi için kesin dönüm noktasıdır. Salâhaddîn Eyyûbî, Mısır ve Suriye'yi birleştirdikten sonra Kudüs Krallığı'na karşı büyük bir sefer açtı. Tiberya Gölü yakınlarındaki susuz platoda Haçlı ordusunu çevirip imha etti. Kudüs Kralı Guy de Lusignan ve Kutsal Haç relikası ele geçirildi. Üç ay içinde Kudüs dahil neredeyse tüm Haçlı toprakları geri alındı.","The Battle of Hattin in 1187 was the definitive turning point in Crusader history. Saladin, having unified Egypt and Syria, launched a major campaign against the Kingdom of Jerusalem. He trapped and annihilated the Crusader army on a waterless plateau near the Sea of Galilee. King Guy de Lusignan and the True Cross relic were captured. Within three months, nearly all Crusader territories including Jerusalem were recaptured.","Hıttîn, III. Haçlı Seferi'ni tetikledi ancak Haçlılar Kudüs'ü bir daha kalıcı olarak alamadı; Eyyûbî-Memlûk mirası iki yüz yıl boyunca bölgeyi şekillendirdi.","Hattin triggered the Third Crusade but the Crusaders never permanently retook Jerusalem; the Ayyubid-Mamluk legacy shaped the region for two centuries.","Salâhaddîn düşmanı susuz araziye çekerek su lojistiğini stratejik silah olarak kullandı — klasik 'tuzak savaşı' örneği.","22","21"
"15","Arsuf Savaşı","Battle of Arsuf","1191","587","32.19","34.79","Arsuf, Filistin","30","Mağlup","III. Haçlı Seferi (I. Richard)","","Meydan Muharebesi","Normal","Richard'ın kıyı zaferi; ama Kudüs alınamadı","","1191'deki Arsuf Savaşı, III. Haçlı Seferi'nin en önemli meydan muharebesidir. İngiltere Kralı I. Richard (Aslan Yürekli), kıyı boyunca güneye ilerlerken Salâhaddîn'in ordusu sürekli taciz saldırıları düzenledi. Arsuf yakınlarında Richard disiplinli bir karşı saldırıyla Eyyûbî kuvvetlerini geri püskürttü. Bu taktik zafer Richard'ın Yafa'yı almasını sağladıysa da, Kudüs'ü geri almaya yetecek gücü yoktu ve sonunda barış anlaşması yapıldı.","The Battle of Arsuf in 1191 was the most significant pitched battle of the Third Crusade. As King Richard I of England marched south along the coast, Saladin's forces conducted constant harassing attacks. Near Arsuf, Richard launched a disciplined counterattack that drove back the Ayyubid forces. This tactical victory enabled Richard to take Jaffa, but he lacked the strength to retake Jerusalem and eventually signed a peace treaty.","Arsuf sonrası ulaşılan barış anlaşması, Haçlıları kıyı şeridine sıkıştırarak İslam'ın iç bölgelerdeki hakimiyetini teyit etti.","The peace treaty following Arsuf confined the Crusaders to the coast, confirming Islamic control over the interior.","Richard'ın 'yürüyüş sırasında savaş' (fighting march) düzeni, ağır zırhlı süvarinin disiplinli kullanımının ortaçağ klasiğidir.","","22"
"16","Mansûra Savaşı","Battle of Mansurah","1250","648","31.04","31.38","Mansûra, Mısır","31","Galip","VII. Haçlı Seferi (IX. Louis)","","Meydan Muharebesi","Yüksek","Memlûklerin yükselişi; Louis esir alındı","","1250'deki Mansûra Savaşı, İslam tarihinde bir çağın kapanıp yenisinin açıldığı andır. Fransa Kralı IX. Louis'nin komutasındaki VII. Haçlı Seferi Mısır'a çıkarma yaptı. Mansûra'da Eyyûbî-Memlûk kuvvetleri, Haçlı ordusunu kuşatarak Louis'yi esir aldı. Bu zafer Memlûk askerî elitinin siyasi gücünü kanıtladı; kısa süre sonra son Eyyûbî sultanını devirerek kendi hanedanlarını kurdular.","The Battle of Mansurah in 1250 marked the closing of one era and the opening of another in Islamic history. The Seventh Crusade under King Louis IX of France landed in Egypt. At Mansurah, Ayyubid-Mamluk forces encircled the Crusader army and captured Louis himself. This victory proved the military-political power of the Mamluk elite; shortly after, they deposed the last Ayyubid sultan and established their own dynasty.","Mansûra, Memlûk Sultanlığı'nın doğuşunu tetikledi; on yıl sonra aynı askerî gelenek Ayncelût'ta Moğolları durduracaktı.","Mansurah triggered the birth of the Mamluk Sultanate; a decade later the same military tradition would halt the Mongols at Ain Jalut.","Memlûk süvarileri dar sokak savaşında ağır zırhlı Frank şövalyelerini manevralarla yendi — kentsel muharebe taktiğinin erken örneği.","",""
"17","Ayncelût Savaşı","Battle of Ain Jalut","1260","658","32.56","35.32","Ayncelût, Filistin","31","Galip","Moğol İmparatorluğu (Ketbuğa)","","Meydan Muharebesi","Kritik","Moğol ilerleyişinin durdurulması; İslam dünyasının kurtarılması","","1260'taki Ayncelût Savaşı, dünya tarihinin en belirleyici meydan muharebelerinden biridir. Moğollar Bağdat'ı yıkıp Suriye'yi geçtikten sonra Mısır'a doğru ilerliyordu. Memlûk sultanı Kutuz ve komutanı Baybars, Moğol öncü kuvvetini Filistin'deki Ayncelût (Câlût Pınarı) ovasında karşıladı. Baybars'ın sahte geri çekilme taktiğiyle Moğol ordusu çevrilerek imha edildi. Bu zafer, o güne kadar yenilmez görünen Moğol ilerleyişinin ilk büyük durağıydı.","The Battle of Ain Jalut in 1260 was one of the most decisive battles in world history. After the Mongols destroyed Baghdad and swept through Syria, they advanced toward Egypt. Mamluk sultan Qutuz and his commander Baybars met the Mongol vanguard on the plain of Ain Jalut (Goliath's Spring) in Palestine. Baybars' feigned retreat tactic encircled and destroyed the Mongol army. This victory was the first major halt of the Mongol advance, previously thought invincible.","Ayncelût, İslam'ın Mısır-Suriye eksenini Moğol yıkımından kurtardı; Memlûkler iki buçuk asır İslam dünyasının askeri kalkanı oldu.","Ain Jalut saved the Egypt-Syria axis of Islam from Mongol destruction; the Mamluks became the military shield of the Islamic world for two and a half centuries.","Baybars'ın sahte geri çekilme (feigned retreat) taktiği, Moğolların kendi savaş kitabından alınmış bir stratejiydi.","","24"
"18","Dandânakan Savaşı","Battle of Dandanaqan","1040","431","36.18","62.17","Dandânakan, Horasan","91","Galip","158","Mağlup","Meydan Muharebesi","Kritik","Selçukluların Gaznelileri yenilgiye uğratması; Büyük Selçuklu Devleti'nin kuruluşu","","1040'taki Dandânakan Savaşı, Türk-İslam tarihinin dönüm noktasıdır. Tuğrul ve Çağrı Bey komutasındaki Selçuklu Türkmenleri, Gazneli Sultan Mesud'un ordusunu Horasan çöllerinde bozguna uğrattı. Gazneliler ağır lojistik sorunlar ve susuzlukla boğuşurken, hafif Türkmen süvarisi vur-kaç taktiğiyle düşmanı yıprattı. Bu zafer Büyük Selçuklu Devleti'nin resmen kuruluşunu mümkün kıldı ve Türklerin İslam dünyasındaki askeri-siyasi üstünlük çağını başlattı.","The Battle of Dandanaqan in 1040 was the turning point of Turko-Islamic history. Seljuk Turkmen under Tughril and Chaghri Bey routed the army of Ghaznavid Sultan Mas'ud in the deserts of Khurasan. While the Ghaznavids struggled with severe logistical problems and thirst, light Turkmen cavalry wore them down with hit-and-run tactics. This victory enabled the formal founding of the Great Seljuk state and launched the era of Turkic military-political supremacy in the Islamic world.","Dandânakan sonrası Selçuklular İran, Irak ve Anadolu'ya yayılarak İslam dünyasının siyasi haritasını yeniden çizdi; otuz yıl sonra Malazgirt gelecekti.","After Dandanaqan, the Seljuks expanded into Iran, Iraq and Anatolia, redrawing the political map of the Islamic world; thirty years later came Manzikert.","Selçukluların 'tulga' (vur-kaç) taktiği, göçebe savaş geleneğinin düzenli orduya karşı nasıl etkili olduğunun klasik örneğidir.","",""
"19","Malazgirt Savaşı","Battle of Manzikert","1071","463","39.14","43.54","Malazgirt, Muş","91","Galip","Bizans İmparatorluğu (IV. Romanos)","","Meydan Muharebesi","Kritik","Anadolu kapılarının Türklere açılması","","1071'deki Malazgirt Savaşı, Anadolu tarihinin en belirleyici olayıdır. Sultan Alparslan komutasındaki Selçuklu ordusu, Bizans İmparatoru IV. Romanos Diogenes'in büyük ordusunu Malazgirt ovasında yendi ve imparatoru esir aldı. Bu, Bizans tarihinde bir imparatorun savaş meydanında esir düştüğü nadir olaylardan biriydi. Zafer, Anadolu'nun kapılarını Türk göçüne ve yerleşimine açarak bölgenin demografik ve kültürel yapısını kalıcı olarak değiştirdi.","The Battle of Manzikert in 1071 was the most decisive event in Anatolian history. The Seljuk army under Sultan Alp Arslan defeated the large Byzantine army of Emperor Romanos IV Diogenes and captured the emperor himself — one of the rare occasions a Byzantine emperor was taken prisoner on the battlefield. The victory opened Anatolia's gates to Turkish migration and settlement, permanently transforming the region's demographic and cultural character.","Malazgirt, Türkiye'nin etnik ve kültürel temellerini attı; Anadolu Selçuklu Devleti ve ardından Osmanlı İmparatorluğu bu sürecin ürünüdür.","Manzikert laid the ethnic and cultural foundations of Turkey; the Anatolian Seljuk state and later the Ottoman Empire were products of this process.","Alparslan'ın hilâl (crescent) taktiği — sahte geri çekilmeyle düşmanı çekerek kanatlardan kuşatma — Türk askeri geleneğinin imza manevrasıdır.","",""
"20","Myriokephalon Savaşı","Battle of Myriokephalon","1176","572","38.07","30.24","Myriokephalon, Anadolu","94","Galip","Bizans İmparatorluğu (I. Manuel)","","Meydan Muharebesi","Yüksek","Bizans'ın Anadolu'yu geri alma umudunun sona ermesi","","1176'daki Myriokephalon Savaşı, Malazgirt'ten bir asır sonra Bizans'ın Anadolu'yu geri alma hayalini kesin olarak bitirdi. İmparator I. Manuel Komnenos, Anadolu Selçuklu sultanı II. Kılıç Arslan'a karşı büyük bir sefer düzenledi. Ancak Selçuklu kuvvetleri dar bir geçitte Bizans ordusuna pusu kurarak ağır kayıplar verdirdi. Manuel barış istemek zorunda kaldı. Bu yenilgi, Anadolu'nun artık geri dönüşü olmayan biçimde Türk yurdu olduğunu teyit etti.","The Battle of Myriokephalon in 1176 definitively ended Byzantine hopes of recovering Anatolia, a century after Manzikert. Emperor Manuel I Komnenos launched a major campaign against Seljuk sultan Kilij Arslan II. But Seljuk forces ambushed the Byzantine army in a narrow pass, inflicting heavy casualties. Manuel was forced to seek peace. This defeat confirmed that Anatolia had irreversibly become a Turkish homeland.","Myriokephalon sonrası Bizans Anadolu politikası tamamen savunmaya döndü; iki yüz yıl içinde imparatorluk İstanbul çevresine sıkışacaktı.","After Myriokephalon, Byzantine Anatolian policy turned entirely defensive; within two centuries the empire would be confined to the area around Constantinople.","Dar geçit pusu taktiği, Selçukluların Anadolu coğrafyasını askeri avantaja dönüştürme ustalığını gösterir.","",""
"21","Kösedağ Savaşı","Battle of Kose Dag","1243","641","39.75","37.08","Kösedağ, Sivas","94","Mağlup","Moğol İmparatorluğu (Baycu Noyan)","","Meydan Muharebesi","Kritik","Anadolu Selçukluları Moğol vasalı oldu","","1243'teki Kösedağ Savaşı, Anadolu Selçuklu Devleti'nin bağımsızlığının fiili sonudur. Moğol komutanı Baycu Noyan'ın kuvvetleri, Sultan II. Gıyâseddîn Keyhusrev'in ordusunu Sivas yakınlarındaki Kösedağ'da bozguna uğrattı. Sultan savaş meydanından kaçtı. Bundan sonra Anadolu Selçukluları Moğol İlhanlılarının vasalı haline geldi; merkezi otorite çöktü ve Anadolu'da Türkmen beylikleri dönemi başladı — bu beyliklerden biri de Osmanlı'ydı.","The Battle of Köse Dağ in 1243 effectively ended the independence of the Anatolian Seljuk state. Mongol commander Baycu Noyan's forces routed the army of Sultan Kaykhusraw II near Sivas. The sultan fled the battlefield. Afterward, the Anatolian Seljuks became vassals of the Mongol Ilkhanate; central authority collapsed and the era of Turkmen principalities began in Anatolia — one of which was the Ottoman beylik.","Kösedağ, Anadolu'nun siyasi parçalanmasına yol açtı; bu kaos ortamından yarım yüzyıl sonra Osmanlı Beyliği yükselecekti.","Köse Dağ led to Anatolia's political fragmentation; from this chaos the Ottoman beylik would rise half a century later.","Selçuklu ordusundaki panik ve disiplinsizlik, Moğol psikolojik savaş taktiğinin (korkuya dayalı yıldırma) etkisini gösterir.","",""
"22","Bağdat'ın Düşüşü","Fall of Baghdad","1258","656","33.31","44.37","Bağdat, Irak","3","Mağlup","Moğol İmparatorluğu (Hülâgü)","","Kuşatma","Kritik","Abbâsî Halifeliği'nin sonu; İslam medeniyetinin büyük kayıpları","","1258'deki Bağdat'ın Düşüşü, İslam medeniyeti tarihinin en yıkıcı olayıdır. Hülâgü Han komutasındaki Moğol ordusu, beş yüz yıllık Abbâsî başkentini kuşattı ve aldı. Son Abbâsî halifesi Musta'sım öldürüldü, şehir haftalarca yağmalandı. Kütüphanelerdeki yüz binlerce eser tahrip edildi, Dicle Nehri'nin mürekkeple siyaha döndüğü rivayet edilir. Bu felaket, İslam'ın entelektüel başkentini ve hilafet kurumunu aynı anda yok etti.","The Fall of Baghdad in 1258 was the most devastating event in Islamic civilizational history. The Mongol army under Hulagu Khan besieged and took the five-century-old Abbasid capital. The last Abbasid caliph al-Musta'sim was killed, and the city was plundered for weeks. Hundreds of thousands of manuscripts in the libraries were destroyed; the Tigris supposedly ran black with ink. This catastrophe simultaneously destroyed Islam's intellectual capital and the institution of the caliphate.","Bağdat'ın düşüşü İslam dünyasının ağırlık merkezini Kahire'ye kaydırdı; Memlûkler yeni koruyucu güç oldu ve sembolik halifeliği Kahire'de devam ettirdi.","Baghdad's fall shifted the center of gravity of the Islamic world to Cairo; the Mamluks became the new protective power and continued the symbolic caliphate in Cairo.","Hülâgü, Bağdat'ın sulama kanallarını yıkarak şehri hem askerî hem ekonomik olarak çökertme stratejisi uyguladı.","24",""
"23","Ayn Câlût Savaşı (tekrar)","Battle of Ain Jalut","1260","658","32.56","35.32","Ayncelût, Filistin","31","Galip","133","Mağlup","Meydan Muharebesi","Kritik","Moğol ilerleyişi durdu; Memlûkler İslam dünyasının savunucusu","","Bu kayıt, 17 numaralı Ayncelût Savaşı kaydının tekrarıdır. Ayncelût Savaşı'nın detayları için battle_id 17'ye bakınız. Memlûk sultanı Kutuz ve komutanı Baybars'ın Moğol öncü kuvvetini Filistin'de yendiği bu meydan muharebesi, yenilmez görünen Moğol ilerleyişinin ilk büyük durağıydı ve İslam dünyasının Mısır-Suriye eksenini kurtardı.","This record is a duplicate of Battle of Ain Jalut (battle_id 17). See battle_id 17 for full details. The Mamluk forces under Sultan Qutuz and commander Baybars defeated the Mongol vanguard in Palestine, marking the first major halt of the seemingly invincible Mongol advance and saving the Egypt-Syria axis of the Islamic world.","Bkz. battle_id 17.","See battle_id 17.","Bkz. battle_id 17.","","24"
"24","Ankara Savaşı","Battle of Ankara","1402","804","39.93","32.85","Ankara, Anadolu","130","Mağlup","Timur İmparatorluğu","","Meydan Muharebesi","Kritik","Yıldırım Bayezid esir; Osmanlı Fetret Devri başladı","","1402'deki Ankara Savaşı, Osmanlı İmparatorluğu'nu yarım yüzyıl geriye attı. Timur'un devasa ordusu, Yıldırım Bayezid'in kuvvetlerini Ankara Ovası'nda karşıladı. Osmanlı ordusundaki Anadolu beyliklerinin Timur tarafına geçmesi dengeyi bozdu. Bayezid esir alındı ve esarette öldü. Osmanlı toprakları Bayezid'in oğulları arasında paylaşıldı ve 'Fetret Devri' başladı — on bir yıllık bu iç savaş ve parçalanma dönemi imparatorluğun çöküşüne yol açabilirdi, ancak Mehmed Çelebi'nin birliği yeniden sağlaması Osmanlı'yı kurtardı.","The Battle of Ankara in 1402 set the Ottoman Empire back by half a century. Timur's massive army met Bayezid I's forces on the Ankara plain. The defection of Anatolian beyliks to Timur's side tipped the balance. Bayezid was captured and died in captivity. Ottoman lands were divided among Bayezid's sons, beginning the 'Interregnum' — this eleven-year period of civil war and fragmentation could have ended the empire, but Mehmed Çelebi's reunification saved it.","Ankara Savaşı, Osmanlı'nın İstanbul'u fetih planını elli yıl erteledi; ancak Fetret Devri'nden çıkan devlet daha merkezi ve güçlü bir yapıya kavuştu.","The Battle of Ankara delayed Ottoman plans to conquer Constantinople by fifty years; however, the state that emerged from the Interregnum was more centralized and powerful.","Timur'un Ankara'da su kaynaklarını keserek Osmanlı ordusunu susuz bırakması, stratejik lojistik üstünlüğünün savaş sonucunu belirleyebildiğini gösterir.","",""
"25","Varna Savaşı","Battle of Varna","1444","848","43.2","27.92","Varna, Bulgaristan","130","Galip","Haçlı İttifakı (III. Vladislav)","","Meydan Muharebesi","Yüksek","Osmanlı Balkan hakimiyetinin pekişmesi","","1444'teki Varna Savaşı, Osmanlı'nın Balkan hakimiyetini pekiştiren kritik zaferdir. Genç sultan II. Murad, Macar Kralı III. Vladislav ve Hunyadi Yanoş komutasındaki Haçlı koalisyonunu Karadeniz kıyısındaki Varna'da karşıladı. Kral Vladislav'ın yeniçeri hattına doğrudan saldırması felaketine dönüştü — kral öldürüldü ve Haçlı ordusu dağıldı. Bu zafer, Osmanlı'nın Rumeli'deki varlığının artık geri döndürülemez olduğunu Avrupa'ya kanıtladı.","The Battle of Varna in 1444 was the critical victory that consolidated Ottoman dominance in the Balkans. Young sultan Murad II met the Crusader coalition under Hungarian King Vladislav III and John Hunyadi on the Black Sea coast at Varna. King Vladislav's direct charge into the Janissary lines proved fatal — the king was killed and the Crusader army collapsed. This victory proved to Europe that the Ottoman presence in Rumelia was irreversible.","Varna sonrası Avrupa'nın organize Haçlı seferi geleneği fiilen sona erdi; Osmanlı Balkan fetihlerini güvence altına aldı.","After Varna, Europe's tradition of organized crusades effectively ended; Ottoman Balkan conquests were secured.","Yeniçerilerin 'vagenburgu' (tabur savaşı düzeni) Haçlı süvari hücumlarını absorbe ederek savunma derinliği sağladı.","",""
"26","İstanbul'un Fethi","Fall of Constantinople","1453","857","41.01","28.98","İstanbul (Konstantinopolis)","130","Galip","Bizans İmparatorluğu (XI. Konstantinos)","","Kuşatma","Kritik","Bizans'ın sonu; Osmanlı'nın dünya gücü olması","","1453'teki İstanbul'un fethi, dünya tarihinin en önemli dönüm noktalarından biridir. Sultan II. Mehmed (Fatih), bin yılı aşkın süredir ayakta kalan Konstantinopolis'i kuşattı. Devasa Şâhî toplarıyla surları döverken, donanmayı karadan Haliç'e geçirerek Bizans'ın deniz savunmasını devre dışı bıraktı. 53 günlük kuşatma sonunda 29 Mayıs'ta şehir düştü. Fetih, Ortaçağ'ı sembolik olarak kapattı ve Osmanlı İmparatorluğu'nu üç kıtaya hükmeden bir dünya gücüne dönüştürdü.","The conquest of Constantinople in 1453 was one of the most important turning points in world history. Sultan Mehmed II (the Conqueror) besieged Constantinople, which had stood for over a millennium. While bombarding the walls with the massive Şahi cannons, he outflanked Byzantine naval defenses by transporting ships overland into the Golden Horn. After a 53-day siege, the city fell on May 29. The conquest symbolically closed the Middle Ages and transformed the Ottoman Empire into a world power ruling three continents.","İstanbul'un fethi, Osmanlı'nın Roma mirasçısı iddiasını somutlaştırdı; şehir 470 yıl boyunca dünyanın en stratejik başkentlerinden biri olarak Osmanlı gücünün merkezi kaldı.","The conquest materialized the Ottoman claim to the Roman legacy; Istanbul remained the center of Ottoman power as one of the world's most strategic capitals for 470 years.","Gemilerin karadan yağlı kızaklar üzerinde çekilerek Haliç'e indirilmesi, askeri tarihte eşi görülmemiş bir lojistik başarıdır.","",""
"27","Çaldıran Savaşı","Battle of Chaldiran","1514","920","39.07","44.08","Çaldıran, Van","130","Galip","148","Mağlup","Meydan Muharebesi","Kritik","Osmanlı-Safevî sınırı belirlendi; ateşli silahların üstünlüğü","","1514'teki Çaldıran Savaşı, Osmanlı-Safevî rekabetinin ilk büyük askeri hesaplaşmasıdır. Yavuz Sultan Selim, Safevî Şah İsmail'in ordusunu Doğu Anadolu'daki Çaldıran Ovası'nda karşıladı. Osmanlı'nın ateşli silahları (toplar ve tüfekler), Safevî Kızılbaş süvarisinin geleneksel savaş taktiğine karşı kesin üstünlük sağladı. Bu zafer Doğu Anadolu'nun Osmanlı'da kalmasını güvence altına aldı ve Osmanlı-Safevî arasındaki mezhepsel sınırı fiilen çizdi.","The Battle of Chaldiran in 1514 was the first major military confrontation of the Ottoman-Safavid rivalry. Sultan Selim I met Safavid Shah Ismail's army on the Chaldiran plain in eastern Anatolia. Ottoman firearms (cannons and muskets) proved decisively superior to the traditional Qizilbash cavalry tactics. This victory secured eastern Anatolia for the Ottomans and effectively drew the sectarian boundary between the Ottoman and Safavid empires.","Çaldıran, Osmanlı-Safevî sınırını iki yüz yıl boyunca kabaca sabit tuttu; İran Şiîliği ile Osmanlı Sünnîliği arasındaki jeopolitik ayrım bugüne kadar etkilidir.","Chaldiran kept the Ottoman-Safavid border roughly fixed for two centuries; the geopolitical division between Iranian Shiism and Ottoman Sunnism remains influential to this day.","Osmanlı topçusunun arabalar arkasına yerleştirilmesi (tabur cengi), erken modern dönemin en etkili ateşli silah taktiklerinden biridir.","","33"
"28","Mercidâbık Savaşı","Battle of Marj Dabiq","1516","922","36.57","37.05","Mercidâbık, Halep kuzeyi","130","Galip","31","Mağlup","Meydan Muharebesi","Kritik","Osmanlı Memlûk topraklarını fethetti; hilafet Osmanlı'ya geçti","","1516'daki Mercidâbık Savaşı, Osmanlı İmparatorluğu'nun Ortadoğu'nun hâkimi haline geldiği belirleyici andır. Yavuz Sultan Selim, Memlûk sultanı Kansu Gavri'nin ordusunu Halep kuzeyinde karşıladı. Memlûklerin ateşli silahları küçümsemesi ve Osmanlı'nın üstün topçusu arasındaki fark yıkıcıydı. Kansu Gavri savaş meydanında öldü. Bu zaferle Suriye, Filistin ve kutsal topraklar Osmanlı'ya geçti; İslam hilafetinin Osmanlı'ya intikal süreci başladı.","The Battle of Marj Dabiq in 1516 was the defining moment when the Ottoman Empire became master of the Middle East. Sultan Selim I met Mamluk sultan Qansuh al-Ghawri's army north of Aleppo. The contrast between the Mamluks' disdain for firearms and the Ottomans' superior artillery was devastating. Qansuh died on the battlefield. This victory brought Syria, Palestine and the holy lands under Ottoman rule; the process of transferring the Islamic caliphate to the Ottomans began.","Mercidâbık, Osmanlı'yı Hicaz'ın ve kutsal toprakların hamisi yaparak imparatorluğa İslam dünyasının liderliği iddiasını kazandırdı.","Marj Dabiq made the Ottomans protectors of the Hijaz and holy lands, giving the empire its claim to leadership of the Islamic world.","Osmanlı'nın seyyar topçu bataryaları Memlûk süvari hattını mesafeden parçaladı — kılıç-vs-barut çağının sembolik çatışması.","",""
"29","Ridâniye Savaşı","Battle of Ridaniya","1517","923","30.06","31.28","Ridâniye, Kahire yakını","130","Galip","31","Mağlup","Meydan Muharebesi","Yüksek","Memlûk Sultanlığı'nın kesin yıkılışı","","1517'deki Ridâniye Savaşı, Memlûk Sultanlığı'nın kesin sonudur. Kahire yakınlarında son Memlûk sultanı Tûmânbay'ın ordusu, Yavuz Sultan Selim'in kuvvetlerine yenildi. Tûmânbay yakalanarak idam edildi. Bu zaferle Mısır, üç yüz yıllık Memlûk hakimiyetinden çıkarak Osmanlı vilayeti oldu. Osmanlı artık Akdeniz'den Kızıldeniz'e, Balkanlar'dan Arabistan'a uzanan devasa bir imparatorluğun tartışılmaz hâkimiydi.","The Battle of Ridaniya in 1517 was the final end of the Mamluk Sultanate. Near Cairo, the army of the last Mamluk sultan Tuman Bay was defeated by Sultan Selim I's forces. Tuman Bay was captured and executed. With this victory, Egypt left three centuries of Mamluk rule to become an Ottoman province. The Ottomans were now the undisputed masters of a vast empire stretching from the Mediterranean to the Red Sea, from the Balkans to Arabia.","Ridâniye ile Osmanlı, Baharat Yolu ve Kızıldeniz ticaretini kontrol altına aldı; Mısır, imparatorluğun en zengin vilayeti oldu.","With Ridaniya, the Ottomans gained control of the Spice Route and Red Sea trade; Egypt became the empire's wealthiest province.","Tûmânbay Venedik'ten satın aldığı topları kullandıysa da, Osmanlı'nın sistemik topçu entegrasyonu karşısında yetersiz kaldı.","32",""
"30","Mohaç Savaşı","Battle of Mohacs","1526","932","45.96","18.68","Mohaç, Macaristan","130","Galip","Macar Krallığı (II. Lajos)","","Meydan Muharebesi","Kritik","Macaristan'ın Osmanlı hakimiyetine girmesi","","1526'daki Mohaç Savaşı, Osmanlı'nın Avrupa'daki en büyük genişleme adımlarından biridir. Kanuni Sultan Süleyman, Macar Kralı II. Lajos'un ordusunu Mohaç Ovası'nda yalnızca iki saatte ezdi. Kral Lajos kaçarken bataklıkta boğuldu. Bu zafer Macaristan'ın büyük bölümünü Osmanlı'ya katarak imparatorluğun sınırlarını Viyana kapılarına taşıdı. Habsburg-Osmanlı rekabetinin iki yüz yıllık başlangıç noktasıdır.","The Battle of Mohács in 1526 was one of the Ottoman Empire's greatest expansion steps in Europe. Sultan Suleiman the Magnificent crushed the army of Hungarian King Louis II on the Mohács plain in just two hours. King Louis drowned in a swamp while fleeing. This victory annexed most of Hungary to the Ottoman Empire, bringing imperial borders to the gates of Vienna. It was the starting point of two centuries of Habsburg-Ottoman rivalry.","Mohaç, Macaristan'ı üç parçaya böldü (Osmanlı, Habsburg, Erdel); Orta Avrupa'nın siyasi haritası iki yüz yıl boyunca bu düzende kaldı.","Mohács split Hungary into three parts (Ottoman, Habsburg, Transylvania); Central Europe's political map remained in this configuration for two centuries.","Kanuni'nin hilâl taktiğiyle merkezde tutan, kanatlarda çevirme yapan klasik Osmanlı savaş düzeni iki saat gibi rekor kısa sürede sonuç verdi.","",""
"31","I. Panipat Savaşı","First Battle of Panipat","1526","932","29.39","76.97","Panipat, Hindistan","175","Galip","160","Mağlup","Meydan Muharebesi","Kritik","Bâbür'ün Delhi Sultanlığı'nı yıkıp Bâbürlü İmparatorluğu'nu kurması","","1526'daki I. Panipat Savaşı, Güney Asya tarihinin en belirleyici anlarından biridir. Timurlu prensi Bâbür, küçük ama ateşli silahlarla donatılmış ordusunu Delhi Sultanı İbrahim Lôdî'nin devasa ordusuna karşı Panipat'ta konuşlandırdı. Bâbür'ün topları ve taktik dehası, Lôdî'nin savaş fillerini ve kalabalık ordusunu dağıttı. İbrahim Lôdî savaşta öldü. Bu zafer Delhi Sultanlığı'nı sona erdirdi ve üç yüz yıldan fazla sürecek Bâbürlü İmparatorluğu'nu kurdu.","The First Battle of Panipat in 1526 was one of the most decisive moments in South Asian history. The Timurid prince Babur deployed his small but firearm-equipped army against Delhi Sultan Ibrahim Lodi's massive force at Panipat. Babur's cannons and tactical genius scattered Lodi's war elephants and vast army. Ibrahim Lodi was killed in battle. This victory ended the Delhi Sultanate and founded the Mughal Empire, which would endure for over three centuries.","Panipat, Hindistan'ın en zengin ve kalabalık imparatorluğunun temelini attı; Bâbürlüler Tâc Mahal'den Hint-İslam kültür sentezine kadar kalıcı miras bıraktı.","Panipat laid the foundation for one of India's wealthiest and most populous empires; the Mughals left a lasting legacy from the Taj Mahal to the Indo-Islamic cultural synthesis.","Bâbür, arabalar ve toplarla 'tabur' savunma hattı oluşturarak Osmanlı tabur cengi taktiğini Hint alt kıtasına taşıdı.","",""
"32","Talikota Savaşı","Battle of Talikota","1565","972","16.04","76.29","Talikota, Dekkan","165","Galip","Vijayanagara İmparatorluğu","","Meydan Muharebesi","Kritik","Dekkan sultanlarının koalisyon zaferi; Vijayanagara'nın sonu","","1565'teki Talikota Savaşı, Dekkan İslam tarihinin en önemli askeri olayıdır. Beş Dekkan sultanlığı (Nizâmşâhîler, Âdilşâhîler ve diğerleri) nadir bir koalisyon kurarak Hindu Vijayanagara İmparatorluğu'na karşı birleşti. Koalisyon ordusunun zaferi, Güney Hindistan'ın en büyük Hindu devletini yıktı. Vijayanagara'nın görkemli başkenti tahrip edildi. Bu savaş Dekkan'daki güç dengesini kalıcı olarak İslam sultanları lehine değiştirdi.","The Battle of Talikota in 1565 was the most important military event in Deccan Islamic history. Five Deccan sultanates (Nizamshahis, Adilshahis and others) formed a rare coalition against the Hindu Vijayanagara Empire. The coalition's victory destroyed South India's greatest Hindu state. Vijayanagara's magnificent capital was devastated. The battle permanently shifted Deccan's balance of power in favor of the Islamic sultanates.","Talikota sonrası Dekkan sultanları bölgesel güç olarak yükseldiyse de, bir yüzyıl içinde Bâbürlü genişlemesine karşı koyamadılar.","Though the Deccan sultans rose as regional powers after Talikota, within a century they could not resist Mughal expansion.","Koalisyon ordusunun toplam ateşli silah üstünlüğü, Vijayanagara'nın geleneksel savaş fillerini ve piyadesini etkisiz kıldı.","",""
"33","Plassey Savaşı","Battle of Plassey","1757","1170","23.8","88.26","Plassey, Bengal","","","Britanya (Clive)","","Meydan Muharebesi","Kritik","İngiliz sömürge döneminin başlangıcı; Bengal'in kaybı","","1757'deki Plassey Savaşı, Hindistan alt kıtasının sömürgeleşme sürecinin fiili başlangıcıdır. Bengal nevvâbı Sirâcüddevle'nin ordusu, Robert Clive komutasındaki küçük İngiliz Doğu Hindistan Şirketi kuvvetine sayısal olarak çok üstündü. Ancak nevvâbın komutanı Mir Cafer'in ihaneti savaşı İngilizler lehine çevirdi. Bu 'savaş' aslında büyük çatışma olmadan kazanıldı. Bengal'in zenginliği İngiliz kontrolüne geçti ve bu, İngiliz sömürge imparatorluğunun Hindistan'daki temelini oluşturdu.","The Battle of Plassey in 1757 was the effective beginning of the colonization of the Indian subcontinent. The Bengal nawab Siraj ud-Daulah's army vastly outnumbered the small British East India Company force under Robert Clive. But the treachery of the nawab's commander Mir Jafar turned the battle in Britain's favor. This 'battle' was essentially won without major fighting. Bengal's wealth passed to British control, laying the foundation for the British colonial empire in India.","Plassey, İngiliz Raj'ının iki yüz yıllık Hindistan hakimiyetini başlattı; Bâbürlü İmparatorluğu'nun fiili sonu ve sömürge çağının başlangıcıdır.","Plassey launched two centuries of British Raj dominance in India; it marked the effective end of the Mughal Empire and the beginning of the colonial era.","Plassey askeri bir zaferden çok diplomatik bir darbe ve ihanet operasyonuydu; gerçek çatışma birkaç saatten az sürdü.","",""
"34","III. Panipat Savaşı","Third Battle of Panipat","1761","1174","29.39","76.97","Panipat, Hindistan","152","Galip","Maratha İmparatorluğu","","Meydan Muharebesi","Yüksek","Dürrânîlerin Hindistan'daki son büyük zaferi; Maratha gücünün kırılması","","1761'deki III. Panipat Savaşı, 18. yüzyıl Güney Asya'sının en kanlı meydan muharebesidir. Afgan Dürrânî hükümdarı Ahmed Şah Dürrânî, Hint alt kıtasının en güçlü kuvveti haline gelen Maratha konfederasyonunu Panipat'ta karşıladı. Bir günde on binlerce kişinin hayatını kaybettiği bu savaş Maratha gücünü kırdı. Ancak Dürrânîler de Hindistan'ı kontrol edecek güçte değildi; ortaya çıkan otorite boşluğu İngilizlerin yükselişine zemin hazırladı.","The Third Battle of Panipat in 1761 was the bloodiest pitched battle of 18th-century South Asia. Afghan Durrani ruler Ahmad Shah Durrani met the Maratha confederacy, which had become the subcontinent's most powerful force, at Panipat. Tens of thousands perished in a single day, breaking Maratha power. But the Durranis also lacked the strength to control India; the resulting power vacuum facilitated the British rise.","III. Panipat, Hindistan'daki son büyük yerli güç mücadelesiydi; ortaya çıkan otorite boşluğu İngiliz Doğu Hindistan Şirketi'nin hakimiyetine zemin hazırladı.","The Third Panipat was the last great native power struggle in India; the resulting authority vacuum prepared the ground for East India Company dominance.","Ahmed Şah Dürrânî'nin deve üstü topçu birlikleri (zambura) Maratha hatlarında büyük tahribat yarattı.","",""
"35","Las Navas de Tolosa Savaşı","Battle of Las Navas de Tolosa","1212","609","38.29","-3.58","Las Navas de Tolosa, İspanya","15","Mağlup","İspanyol Hristiyan Koalisyonu","","Meydan Muharebesi","Kritik","Muvahhidlerin büyük yenilgisi; Reconquista'nın dönüm noktası","","1212'deki Las Navas de Tolosa Savaşı, Reconquista'nın en büyük dönüm noktasıdır. Kastilya, Aragon ve Navarra krallarının birleşik Hristiyan koalisyonu, Muvahhid halifesi Nâsır'ın ordusunu güney İspanya'da ağır yenilgiye uğrattı. Muvahhidlerin İber Yarımadası'ndaki askeri gücü kırıldı. Bu zafer, sonraki kırk yıl içinde Kurtuba, Sevilla ve İslam İspanyası'nın büyük bölümünün Hristiyanların eline geçmesini mümkün kıldı.","The Battle of Las Navas de Tolosa in 1212 was the greatest turning point of the Reconquista. The united Christian coalition of Castile, Aragon and Navarre inflicted a crushing defeat on Almohad caliph al-Nasir's army in southern Spain. The Almohads' military power in Iberia was broken. This victory made possible the Christian capture of Córdoba, Seville and most of Islamic Spain within the following forty years.","Las Navas de Tolosa sonrası Endülüs İslam devletleri bir daha büyük bir savunma gücü oluşturamadı; Gırnata Sultanlığı son kale olarak 1492'ye kadar direndi.","After Las Navas de Tolosa, Andalusian Islamic states never again assembled a major defensive force; the Nasrid Sultanate of Granada held out as the last bastion until 1492.","Hristiyan koalisyonunun dağ geçidinden sürpriz geçişi Muvahhid savunma hattını devre dışı bıraktı.","",""
"36","Gırnata'nın Düşüşü","Fall of Granada","1492","897","37.18","-3.59","Gırnata (Granada), İspanya","7","Mağlup","Kastilya-Aragon (Fernando & Isabella)","","Kuşatma","Kritik","İslam'ın İber Yarımadası'ndan çıkışı; Reconquista'nın sonu","","1492'deki Gırnata'nın düşüşü, sekiz yüz yıllık İslam İspanyası'nın (Endülüs) sonudur. Son Nasrî emîri XII. Muhammed (Boabdil), Ferdinand ve Isabella'nın birleşik İspanyol ordusuna teslim oldu. Elhamra Sarayı'nın anahtarlarını teslim ettiği an, Avrupa'daki son müslüman devletin bitişini simgeledi. Ardından gelen zorla din değiştirme ve sürgün politikaları, zengin Endülüs kültürel mirasının büyük bölümünü sildi.","The Fall of Granada in 1492 ended eight centuries of Islamic Spain (al-Andalus). The last Nasrid emir Muhammad XII (Boabdil) surrendered to the united Spanish army of Ferdinand and Isabella. The moment he handed over the keys of the Alhambra symbolized the end of the last Muslim state in Europe. The subsequent forced conversion and expulsion policies erased much of the rich Andalusian cultural heritage.","Gırnata'nın düşüşü, İslam'ın Avrupa'daki varlığını sona erdirdi; Endülüs'ten sürgün edilen Müslüman ve Yahudi topluluklar Osmanlı topraklarına ve Kuzey Afrika'ya göç etti.","Granada's fall ended Islam's presence in Europe; Muslim and Jewish communities expelled from Andalusia migrated to Ottoman lands and North Africa.","Gırnata uzun bir abluka ile düşürüldü; son savunma daha çok diplomatik müzakere ve teslim koşulları üzerinden yürüdü.","",""
"37","Lepanto (İnebahtı) Savaşı","Battle of Lepanto","1571","979","38.2","21.37","İnebahtı, Yunanistan","130","Mağlup","Kutsal İttifak (Don Juan)","","Deniz Savaşı","Yüksek","Osmanlı donanmasının ağır kaybı; Akdeniz hakimiyetinde dönüm noktası","","1571'deki İnebahtı (Lepanto) Deniz Savaşı, Akdeniz'in en büyük deniz muharebelerinden biridir. Osmanlı donanması, Kutsal İttifak (İspanya, Venedik, Papalık) donanmasıyla Yunanistan'ın batı kıyısında karşılaştı. Osmanlı donanması ağır kayıplar verdi ve büyük gemilerinin çoğu battı veya ele geçirildi. Batı dünyası bu zaferi Osmanlı yenilmezliğinin kırılması olarak kutladı. Ancak Osmanlı İmparatorluğu bir yıl içinde donanmasını yeniden inşa ederek Akdeniz'deki varlığını korudu.","The Battle of Lepanto in 1571 was one of the Mediterranean's greatest naval engagements. The Ottoman fleet met the Holy League (Spain, Venice, Papacy) fleet off the western coast of Greece. The Ottoman navy suffered heavy losses, with most of its major ships sunk or captured. The Western world celebrated this as the breaking of Ottoman invincibility. However, the Ottoman Empire rebuilt its fleet within a year and maintained its Mediterranean presence.","İnebahtı kısa vadede Osmanlı'nın deniz gücünü sarssa da, uzun vadede Kuzey Afrika kıyılarındaki Osmanlı hakimiyeti devam etti; asıl etki psikolojikti.","Though Lepanto shook Ottoman naval power in the short term, Ottoman dominance along the North African coast continued; the real impact was psychological.","Kutsal İttifak'ın galeass gemileri (büyük yelkenli-kürekli hibrit), Osmanlı kadırgalarına karşı ateş gücü üstünlüğü sağladı.","",""
"38","II. Viyana Kuşatması","Battle of Vienna (1683)","1683","1094","48.21","16.37","Viyana, Avusturya","130","Mağlup","Habsburg + Lehistan (Jan Sobieski)","","Kuşatma","Kritik","Osmanlı Avrupa'daki en ileri noktasından geri çekilmeye başladı","","1683'teki II. Viyana Kuşatması, Osmanlı'nın Avrupa'daki yayılmasının kesin dönüm noktasıdır. Sadrazam Merzifonlu Kara Mustafa Paşa, Habsburg başkenti Viyana'yı kuşattı. İki ay süren kuşatma, Lehistan Kralı Jan Sobieski'nin komutasındaki büyük yardım ordusunun gelişiyle çözüldü. Osmanlı ordusu ağır yenilgiye uğradı. Bu başarısızlık 'Kutsal İttifak Savaşları'nı başlattı; Osmanlı Macaristan ve diğer topraklarını kaybederek geri çekilme dönemine girdi.","The Second Siege of Vienna in 1683 was the definitive turning point of Ottoman expansion in Europe. Grand Vizier Merzifonlu Kara Mustafa Pasha besieged the Habsburg capital. The two-month siege was broken by the arrival of a large relief army under Polish King Jan Sobieski. The Ottoman army was heavily defeated. This failure triggered the 'Holy League Wars'; the Ottomans lost Hungary and other territories, entering a period of retreat.","II. Viyana Kuşatması, Karlofça Antlaşması'na (1699) giden sürecin başlangıcıdır; Osmanlı ilk kez büyük toprak kaybını kabul etti ve geri çekilme dönemi başladı.","The Second Siege of Vienna began the process leading to the Treaty of Karlowitz (1699); the Ottomans accepted major territorial losses for the first time and entered an era of retreat.","Sobieski'nin Kahlenberg Tepesi'nden indirdiği ağır zırhlı süvari hücumu (hussar charge), tarihin en büyük süvari saldırılarından biridir.","",""
"39","Otrar Kuşatması","Siege of Otrar","1220","617","42.85","68.3","Otrar, Mâverâünnehir","84","Mağlup","Moğol İmparatorluğu (Cengiz Han)","","Kuşatma","Kritik","Moğol istilasının başlangıcı; Harezmşâhlar Devleti'nin çöküşü","","1220'deki Otrar Kuşatması, Moğol istilasının İslam dünyasına girişinin sembolik başlangıcıdır. Harezmşâh valisi İnal Han'ın Moğol tüccarları öldürmesi Cengiz Han'ı öfkelendirdi ve devasa ordusuyla Mâverâünnehir'e girdi. Otrar beş ay direndi ancak sonunda düştü ve halkı kılıçtan geçirildi. Bu kuşatma, İslam tarihinin en yıkıcı istila dalgasının ilk halkasıydı; Semerkant, Buhara, Belh gibi büyük şehirler birer birer tahrip edilecekti.","The Siege of Otrar in 1220 was the symbolic beginning of the Mongol invasion's entry into the Islamic world. The Khwarazmshah governor Inal Khan's killing of Mongol merchants enraged Genghis Khan, who entered Transoxiana with his massive army. Otrar held out for five months but finally fell, its population massacred. This siege was the first link in the most destructive invasion wave in Islamic history; great cities like Samarkand, Bukhara, and Balkh would be devastated one by one.","Otrar'la başlayan Moğol istilası, Harezmşâh Devleti'ni yok etti ve Orta Asya'nın demografik yapısını kalıcı olarak değiştirdi.","The Mongol invasion that began at Otrar destroyed the Khwarazmian state and permanently altered Central Asia's demographic structure.","Cengiz Han, ordusunu birden fazla kola ayırarak Harezmşâh savunmasını dağıtma stratejisi uyguladı — Moğol 'çoklu cephe' taktiğinin klasik örneği.","",""
"40","Otlukbeli Savaşı","Battle of Otlukbeli","1473","878","39.74","39.94","Otlukbeli, Erzincan","130","Galip","146","Mağlup","Meydan Muharebesi","Yüksek","Osmanlı Akkoyunlu gücünü kırdı; Doğu Anadolu Osmanlı'ya","","1473'teki Otlukbeli Savaşı, Doğu Anadolu'nun kaderini belirleyen çatışmadır. Fatih Sultan Mehmed, Akkoyunlu hükümdarı Uzun Hasan'ın ordusunu Erzincan yakınlarındaki Otlukbeli'nde karşıladı. Osmanlı'nın üstün topçusu ve yeniçeri disiplini, Akkoyunlu hafif süvarisine karşı belirleyici oldu. Uzun Hasan yenildi ve bir daha toparlanamadı. Bu zafer, Osmanlı'nın Doğu Anadolu'daki rakipsiz hakimiyetini sağladı ve Akkoyunlu Devleti'nin çöküşünü hızlandırdı.","The Battle of Otlukbeli in 1473 determined the fate of eastern Anatolia. Sultan Mehmed II met Aq Qoyunlu ruler Uzun Hasan's army at Otlukbeli near Erzincan. Ottoman superior artillery and Janissary discipline proved decisive against Aq Qoyunlu light cavalry. Uzun Hasan was defeated and never recovered. This victory established undisputed Ottoman hegemony in eastern Anatolia and accelerated the collapse of the Aq Qoyunlu state.","Otlukbeli sonrası Akkoyunlu Devleti hızla çöktü; ortaya çıkan boşlukta Safevî hareketi güçlenerek 1501'de İran'da iktidara geldi.","After Otlukbeli, the Aq Qoyunlu state rapidly collapsed; in the resulting vacuum the Safavid movement gained strength and took power in Iran in 1501.","Fatih'in topçuyu merkeze yerleştirip kanatları sipahi süvarisiyle koruması, Osmanlı klasik savaş düzeninin mükemmel uygulamasıdır.","",""
"41","Karnal Savaşı","Battle of Karnal","1739","1151","29.69","76.98","Karnal, Hindistan","108","Galip","175","Mağlup","Meydan Muharebesi","Yüksek","Nâdir Şâh'ın Delhi'yi yağmalaması; Tavus Tahtı'nın alınması","","1739'daki Karnal Savaşı, Bâbürlü İmparatorluğu'nun çöküşünü dünyaya ilan eden felakettir. İran'dan gelen Afşar hükümdarı Nâdir Şâh, zayıflamış Bâbürlü ordusunu Delhi yakınlarındaki Karnal'da ezici bir yenilgiye uğrattı. Ardından Delhi'ye girerek şehri haftalarca yağmaladı. Tavus Tahtı ve Kûh-i Nûr elması dahil paha biçilmez hazineler İran'a götürüldü. Bâbürlü hanedanı varlığını sürdürdüyse de, artık yalnızca Delhi çevresinde sembolik bir güçtü.","The Battle of Karnal in 1739 was the catastrophe that announced the Mughal Empire's collapse to the world. The Afsharid ruler Nadir Shah from Iran crushed the weakened Mughal army at Karnal near Delhi. He then entered Delhi and plundered the city for weeks. Priceless treasures including the Peacock Throne and the Koh-i-Noor diamond were taken to Iran. Though the Mughal dynasty survived, it was now merely a symbolic power around Delhi.","Karnal sonrası Bâbürlü hanedanı fiilen güçsüzleşti; ortaya çıkan otorite boşluğu Maratha, Sih ve nihayetinde İngiliz genişlemesine zemin hazırladı.","After Karnal, the Mughal dynasty was effectively powerless; the resulting authority vacuum facilitated Maratha, Sikh and ultimately British expansion.","Nâdir Şâh'ın develerden ateşlenen zambura topları ve ağır süvari kombinasyonu, Bâbürlü piyadesini hızla çökertmekte etkili oldu.","",""
"42","Gallipoli (Çanakkale) Savaşı","Gallipoli Campaign","1915","1333","40.33","26.22","Çanakkale Boğazı","130","Galip","İtilaf Devletleri (İngiltere, Fransa, ANZAC)","","Kuşatma","Kritik","Osmanlı savunma zaferi; Türk millî bilincinin güçlenmesi","","1915'teki Çanakkale (Gallipoli) Savaşı, Osmanlı İmparatorluğu'nun son büyük askeri zaferidir. İtilaf Devletleri (İngiltere, Fransa, ANZAC) İstanbul'u ele geçirmek ve Rusya'ya deniz yolu açmak amacıyla Çanakkale Boğazı'na çıkarma yaptı. Mustafa Kemal'in komutasındaki Osmanlı kuvvetleri, sekiz ay süren şiddetli savaşlarla bu girişimi püskürttü. Yaklaşık yarım milyon insanın hayatını kaybettiği bu savaş, Türk millî bilincinin doğuşunda kritik rol oynadı ve Mustafa Kemal'i ulusal kahraman haline getirdi.","The Gallipoli Campaign of 1915 was the Ottoman Empire's last great military victory. The Entente Powers (Britain, France, ANZAC) launched an amphibious assault on the Dardanelles to capture Istanbul and open a sea route to Russia. Ottoman forces under Mustafa Kemal's command repelled this attempt over eight months of fierce fighting. The campaign, which cost approximately half a million lives, played a critical role in the birth of Turkish national consciousness and made Mustafa Kemal a national hero.","Çanakkale, Türk Kurtuluş Savaşı'nın ve Cumhuriyet'in kuruluşunun manevi temellerini attı; Mustafa Kemal burada kazandığı prestijle millî lider olacaktı.","Gallipoli laid the spiritual foundations for the Turkish War of Independence and the Republic; Mustafa Kemal would become national leader through the prestige gained here.","Mustafa Kemal'in Conkbayırı'ndaki 'size ölmeyi emrediyorum' komutu, siperdeki kişisel liderliğin savaş seyrini değiştirdiği nadir anlardandır.","",""
"43","Tondibi Savaşı","Battle of Tondibi","1591","999","16.76","-0.01","Tondibi, Mali","20","Galip","59","Mağlup","Meydan Muharebesi","Yüksek","Sa'dî Fas ordusunun Songay'ı yıkması; Batı Afrika dengesi değişti","","1591'deki Tondibi Savaşı, Batı Afrika'nın siyasi haritasını yeniden çizen olaydır. Fas Sa'dî sultanı Ahmed el-Mansûr, ateşli silahlarla donatılmış bir orduyu Sahra Çölü'nün ötesine göndererek Songay İmparatorluğu'na saldırdı. Songay'ın devasa ancak silahsız ordusu, tüfek ateşi karşısında dağıldı. Songay başkenti Gao ve ardından Timbuktu düştü. Bu sefer, Sahra ötesi Afrika'ya ateşli silahları taşıdı ve bölgenin en büyük imparatorluğunu yıkarak siyasi istikrarı altüst etti.","The Battle of Tondibi in 1591 redrew the political map of West Africa. Moroccan Sa'did sultan Ahmad al-Mansur sent an army equipped with firearms across the Sahara to attack the Songhai Empire. Songhai's vast but unarmed army collapsed before musket fire. The Songhai capital Gao and then Timbuktu fell. This expedition brought firearms to sub-Saharan Africa and destroyed the region's greatest empire, upending political stability.","Tondibi, Batı Afrika'daki büyük Sahel imparatorlukları çağını sona erdirdi; bölge küçük devletlere parçalandı ve Avrupa sömürgeciliğine karşı savunmasız kaldı.","Tondibi ended the era of great Sahelian empires in West Africa; the region fragmented into small states and became vulnerable to European colonialism.","Endülüs kökenli tüfekçi birlikler, Sahra çölünü geçerek tropikal savaş koşullarına adapte olmayı başardı — nadir bir lojistik başarı.","",""
"44","Katvan Savaşı","Battle of Qatwan","1141","536","39.6","65.5","Katvan Çölü, Semerkant yakını","91","Mağlup","Karahıtaylar (Yelü Dashi)","","Meydan Muharebesi","Yüksek","Büyük Selçuklu Sultanlığı'nın doğu gücünün kırılması","","1141'deki Katvan Savaşı, Büyük Selçuklu Sultanlığı'nın doğudaki gücünün kırılmasını simgeler. Sultan Sencer'in ordusu, Karahıtay (Batı Liao) hükümdarı Yelü Dashi komutasındaki kuvvetlerle Semerkant yakınlarında karşılaştı. Sencer ağır yenilgiye uğradı. Bu mağlubiyet Selçuklu'nun Mâverâünnehir hakimiyetini sona erdirdi ve doğu İslam coğrafyasında yeni güç dinamikleri yarattı. Karahıtaylar bölgede Budist-Hristiyan karışımı bir kültürle yaklaşık bir asır hüküm sürdü.","The Battle of Qatwan in 1141 symbolized the breaking of Great Seljuk power in the east. Sultan Sanjar's army clashed with the forces of Qara Khitai (Western Liao) ruler Yelü Dashi near Samarkand. Sanjar suffered a heavy defeat. This loss ended Seljuk dominance over Transoxiana and created new power dynamics in eastern Islamic geography. The Qara Khitai, with their Buddhist-Christian cultural mix, ruled the region for roughly a century.","Katvan sonrası Selçuklu'nun doğu kanatı çöktü; Harezmşâhlar bağımsızlaşarak yükseldi ve bölgenin yeni hâkimi oldu.","After Qatwan, the Seljuk eastern flank collapsed; the Khwarazmians gained independence and rose to become the new regional power.","Karahıtay ordusunun ağır zırhlı süvari geleneği, Kuzey Çin askeri kültürünün Orta Asya'ya taşınmasının örneğidir.","",""
"45","Preveze Deniz Savaşı","Battle of Preveza","1538","945","38.95","20.75","Preveze, Yunanistan","130","Galip","Kutsal İttifak (Andrea Doria)","","Deniz Savaşı","Yüksek","Barbaros Hayreddin Paşa; Akdeniz'de Osmanlı üstünlüğü","","1538'deki Preveze Deniz Savaşı, Osmanlı deniz gücünün zirvesini temsil eder. Kaptan-ı Derya Barbaros Hayreddin Paşa komutasındaki Osmanlı donanması, Andrea Doria liderliğindeki Kutsal İttifak donanmasını Yunanistan'ın batı kıyısında karşıladı. Barbaros'un üstün taktik kabiliyeti ve denizcilik tecrübesi, sayısal olarak daha güçlü İttifak donanmasını bozguna uğrattı. Bu zafer Osmanlı'yı Akdeniz'in tartışılmaz deniz gücü haline getirdi ve Kuzey Afrika'daki Osmanlı hakimiyetini pekiştirdi.","The Battle of Preveza in 1538 represented the zenith of Ottoman naval power. The Ottoman fleet under Kapudan-i Derya Barbaros Hayreddin Pasha met the Holy League fleet under Andrea Doria off the western coast of Greece. Barbarossa's superior tactical skill and maritime experience routed the numerically stronger League fleet. This victory made the Ottomans the undisputed naval power of the Mediterranean and consolidated Ottoman dominance in North Africa.","Preveze sonrası Akdeniz otuz yıldan fazla 'Osmanlı gölü' haline geldi; bu deniz üstünlüğü 1571 İnebahtı'na kadar sürdü.","After Preveza, the Mediterranean became an 'Ottoman lake' for over thirty years; this naval supremacy lasted until Lepanto in 1571.","Barbaros, dar kıyı sularını kullanarak düşman donanmasının manevra alanını kısıtladı — Akdeniz deniz savaşının klasik taktiği.","",""
"46","Ridâniye öncesi — Merc-i Dâbık","N/A","1516","922","36.57","37.05","Halep kuzeyi","130","Galip","31","Mağlup","Meydan Muharebesi","Yüksek","Yavuz Sultan Selim Memlûkleri yendi","","Bu kayıt, 28 numaralı Mercidâbık Savaşı kaydının tekrarıdır (farklı isimle). Detaylar için battle_id 28'e bakınız. 1516'da Yavuz Sultan Selim'in Memlûk sultanı Kansu Gavri'yi Halep kuzeyinde yenerek Suriye ve Filistin'i fetheden savaştır.","This record is a duplicate of the Battle of Marj Dabiq (battle_id 28) under a different name. See battle_id 28 for full details. In 1516, Sultan Selim I defeated Mamluk sultan Qansuh al-Ghawri north of Aleppo, conquering Syria and Palestine.","Bkz. battle_id 28.","See battle_id 28.","Bkz. battle_id 28.","",""
"47","Niğbolu Savaşı","Battle of Nicopolis","1396","798","43.7","24.89","Niğbolu, Bulgaristan","130","Galip","Haçlı Koalisyonu (Sigismund)","","Meydan Muharebesi","Yüksek","Son büyük Haçlı seferinin yenilgisi; Osmanlı Balkan hakimiyeti","","1396'daki Niğbolu Savaşı, Osmanlı'nın Avrupa'daki askeri üstünlüğünü teyit eden büyük zaferdir. Macar Kralı Sigismund'un topladığı çok uluslu Haçlı ordusu (Fransız, Alman, İngiliz şövalyeleri dahil), Sultan Yıldırım Bayezid'in kuvvetleriyle Tuna kıyısındaki Niğbolu'da karşılaştı. Haçlı şövalyelerinin disiplinsiz saldırısı Osmanlı tuzağına düştü ve ordu imha edildi. Bu zafer, ortaçağ Avrupası'nın Osmanlı'yı Balkanlar'dan çıkarma kapasitesinin olmadığını kanıtladı.","The Battle of Nicopolis in 1396 was the great victory confirming Ottoman military supremacy in Europe. The multinational Crusader army assembled by Hungarian King Sigismund (including French, German and English knights) met Sultan Bayezid I's forces at Nicopolis on the Danube. The Crusader knights' undisciplined charge fell into an Ottoman trap and the army was destroyed. This victory proved that medieval Europe lacked the capacity to expel the Ottomans from the Balkans.","Niğbolu, Osmanlı Balkan hakimiyetini kalıcı kıldı; yarım yüzyıl boyunca ciddi bir Haçlı tehdidi ortaya çıkmadı.","Nicopolis made Ottoman Balkan dominance permanent; no serious Crusader threat emerged for half a century.","Bayezid'in sipahi süvarisini gizleyerek Haçlı şövalyelerini piyadenin üzerine çekme taktiği, klasik 'cezbetme-imha' stratejisidir.","",""
"48","Kosova Savaşı (1389)","Battle of Kosovo","1389","791","42.64","21.09","Kosova Ovası","130","Galip","Sırp Koalisyonu (Lazar)","","Meydan Muharebesi","Kritik","Balkan hakimiyetinin başlangıcı; I. Murad şehit oldu","","1389'daki Kosova Savaşı, Osmanlı'nın Balkan hakimiyetinin başlangıcını simgeler. Sultan I. Murad, Sırp Knezi Lazar ve müttefiklerinin oluşturduğu koalisyonu Kosova Ovası'nda yendi. Zafer kesin olsa da, I. Murad savaş meydanında bir Sırp soylusu tarafından suikastle şehit edildi — İslam tarihinde savaş meydanında ölen nadir hükümdarlardan biridir. Oğlu Yıldırım Bayezid ordunun başına geçerek zaferi tamamladı. Kosova, Sırp bağımsızlığının sonu ve Osmanlı Balkan yüzyıllarının başlangıcıdır.","The Battle of Kosovo in 1389 symbolized the beginning of Ottoman Balkan dominance. Sultan Murad I defeated the coalition of Serbian Knez Lazar and his allies on the Kosovo Plain. Though the victory was decisive, Murad I was assassinated by a Serbian noble on the battlefield — one of the rare rulers in Islamic history to die in battle. His son Bayezid I took command and completed the victory. Kosovo marked the end of Serbian independence and the beginning of Ottoman centuries in the Balkans.","Kosova, Sırp devletinin çöküşünü ve beş yüz yıllık Osmanlı Balkan hakimiyetinin temelini oluşturdu; Sırp kolektif hafızasında hâlâ en derin yara olarak yaşar.","Kosovo laid the foundation for the collapse of the Serbian state and five centuries of Ottoman Balkan rule; it lives on as the deepest wound in Serbian collective memory.","Osmanlı ordusunun merkez-kanat koordinasyonlu savaş düzeni, henüz gelişmekte olan Osmanlı askeri sisteminin erken olgunluğunu gösterir.","",""
"49","Nehrevân Savaşı","Battle of Nahrawan","658","38","33.2","44.65","Nehrevân, Irak","1","Galip (Ali)","Hâricîler","","Meydan Muharebesi","Yüksek","Hz. Ali Hâricîleri yendi; ancak sonra Hâricî suikastıyla şehit oldu","1-004","658'deki Nehrevân Savaşı, İslam'daki ilk ideolojik bölünmenin askeri tezahürüdür. Sıffîn'deki tahkimi reddederek Hz. Ali'den ayrılan Hâricîler, 'hüküm yalnızca Allah'ındır' sloganıyla isyan etti. Hz. Ali, Nehrevân Kanalı yakınlarında Hâricî kuvvetlerini kısa sürede bozguna uğrattı. Ancak askeri zafer sorunu çözmedi; hayatta kalan Hâricîler suikast yoluyla mücadeleye devam etti ve Hz. Ali 661'de bir Hâricî suikastçı tarafından şehit edildi.","The Battle of Nahrawan in 658 was the military manifestation of Islam's first ideological split. The Kharijites, who rejected the Siffin arbitration and broke from Ali under the slogan 'judgment belongs only to God,' rose in revolt. Ali crushed the Kharijite force near the Nahrawan Canal. But military victory did not solve the problem; surviving Kharijites continued their struggle through assassination, and Ali was martyred by a Kharijite assassin in 661.","Nehrevân, Hâricî hareketi bastırdıysa da kökünü kazıyamadı; Hâricîlik (İbâdîlik) Umman ve Kuzey Afrika'da günümüze kadar yaşayan bir mezhep olarak devam etti.","Nahrawan suppressed but did not eradicate the Kharijite movement; Kharijism (Ibadism) has survived as a sect in Oman and North Africa to this day.","Hz. Ali'nin hızlı ve kararlı taarruzu, isyancılara toparlanma fırsatı vermeden sonuç almayı amaçlayan bir 'yıldırım savaşı' örneğidir.","",""
"50","Belgrad Kuşatması","Siege of Belgrade","1521","927","44.82","20.45","Belgrad, Sırbistan","130","Galip","Macar Krallığı","","Kuşatma","Yüksek","Kanuni'nin ilk büyük fethi; Balkan yolunun açılması","","1521'deki Belgrad Kuşatması, Kanuni Sultan Süleyman'ın ilk büyük askeri başarısıdır. Fatih Sultan Mehmed'in bile alamadığı bu stratejik kale, genç sultanın modern kuşatma topçusu ve sistematik saldırı planıyla yaklaşık bir ayda düştü. Belgrad'ın fethi, Osmanlı'ya Orta Avrupa'nın kapılarını açtı. Beş yıl sonra Mohaç'ta Macaristan'ı yıkacak olan seferlerin stratejik ön koşuluydu.","The Siege of Belgrade in 1521 was Sultan Suleiman the Magnificent's first major military success. This strategic fortress, which even Mehmed the Conqueror had failed to take, fell in roughly a month to the young sultan's modern siege artillery and systematic assault plan. Belgrade's capture opened the gates of Central Europe to the Ottomans. It was the strategic prerequisite for the campaigns that would destroy Hungary at Mohács five years later.","Belgrad'ın düşüşü Mohaç Savaşı'nın ve Osmanlı Macaristan hakimiyetinin stratejik ön koşuluydu; Belgrad 1867'ye kadar Osmanlı elinde kaldı.","Belgrade's fall was the strategic prerequisite for the Battle of Mohács and Ottoman Hungarian dominance; Belgrade remained in Ottoman hands until 1867.","Kanuni, nehir donanmasıyla kara kuşatmasını koordine ederek Belgrad'ın su yolu ikmalini kesti — amfibi operasyonun erken modern örneği.","",""
