"event_id","name_tr","name_en","date_ce","date_hijri","lat","lon","location_tr","dynasty_id","category","significance","description","narrative_tr","narrative_en","significance_detail_tr","causes_event_id","caused_by_event_id","related_battle_ids","related_scholar_ids"
"1","Hicret","The Hijra","622","1","24.47","39.61","Mekke → Medine","","Dini","Kritik","İslam takviminin başlangıcı; Medine'de ilk İslam devleti","622 yılında Hz. Muhammed ve Mekkeli Müslümanlar, Kureyş'in artan baskısından kaçarak Medine'ye göç etti. Bu göç (Hicret), sadece fiziksel bir yer değiştirme değil, siyasi bir kuruluş anıydı: Medine'de farklı kabileler ve dinî toplulukları bir araya getiren 'Medine Vesikası' ile tarihte bilinen ilk yazılı anayasalardan biri oluşturuldu. Hz. Muhammed burada hem dinî lider hem devlet başkanı olarak yeni bir toplumsal düzen inşa etti. İslam takvimi bu olayı başlangıç noktası kabul eder.","In 622, Prophet Muhammad and the Meccan Muslims migrated to Medina, fleeing Quraysh persecution. This migration (Hijra) was not merely a physical relocation but a political founding moment: in Medina, the 'Constitution of Medina' united diverse tribes and religious communities under one of history's first written constitutions. Muhammad established a new social order as both religious leader and head of state. The Islamic calendar takes this event as its starting point.","Hicret, İslam'ın küçük bir inanç topluluğundan organize bir devlete dönüşümünün başlangıcıdır; bu model sonraki tüm İslam devletlerinin temelini oluşturdu.","47","","1,2,3",""
"2","Kur'ân-ı Kerîm'in Mushaf Haline Getirilmesi","Compilation of the Quran","650","30","24.47","39.61","Medine","1","Dini","Kritik","Hz. Osman döneminde Kur'an'ın standart mushaf haline getirilmesi","Hz. Osman döneminde (650 civarı) Kur'ân-ı Kerîm standart bir mushaf haline getirildi. İslam'ın hızla yayılmasıyla farklı bölgelerde farklı okuma biçimleri ortaya çıkmıştı; bu durum hem dinî hem siyasi birliği tehdit ediyordu. Hz. Osman, Hz. Hafsa'nın nüshasını esas alarak standart bir metin hazırlattı ve kopyalarını büyük şehirlere gönderdi, diğer nüshaların imhasını emretti. Bu karar, İslam'ın kutsal metninin değişmeden korunmasını sağlayan en kritik adımdı.","Under Caliph Uthman (c. 650), the Quran was compiled into a standardized codex. As Islam spread rapidly, variant reading traditions had emerged in different regions, threatening both religious and political unity. Uthman had a standard text prepared based on Hafsa's copy, sent copies to major cities, and ordered the destruction of other versions. This decision was the most critical step in preserving Islam's sacred text unchanged.","Mushaf'ın standartlaştırılması, İslam'ın farklı coğrafyalardaki birliğini koruyan en güçlü bağ oldu ve İslam medeniyetinin entelektüel temelini oluşturdu.","","","",""
"3","Kudüs'ün Fethi","Conquest of Jerusalem","637","16","31.77","35.23","Kudüs (al-Quds)","1","Siyasi","Kritik","Hz. Ömer Kudüs'ü teslim aldı; Ömeriye Ahidnamesi","637'de Hz. Ömer, Bizans'tan teslim alınan Kudüs'e girdi. Patrik Sophronius şehrin anahtarlarını bizzat halifeye teslim etti. Hz. Ömer'in verdiği 'Ömeriye Ahidnamesi', gayrimüslim halkın can, mal ve ibadet güvenliğini garanti ederek İslam fethinin hoşgörü modeli oldu. Hz. Ömer, Hristiyan Kutsal Kabir Kilisesi'nde namaz kılmayı reddederek gelecek nesillerin mabedi camiye dönüştürmesini önledi. Kudüs, İslam'ın üçüncü kutsal şehri olarak yeni bir döneme girdi.","In 637, Caliph Umar entered Jerusalem after its surrender by Byzantium. Patriarch Sophronius personally handed the city's keys to the caliph. Umar's covenant guaranteed the safety of non-Muslim inhabitants' lives, property and worship, establishing a model of tolerance. Umar refused to pray in the Church of the Holy Sepulchre, preventing future generations from converting it into a mosque. Jerusalem entered a new era as Islam's third holiest city.","Kudüs'ün fethi ve Ömeriye Ahidnamesi, İslam hukukunda 'zimmî' statüsünün en önemli tarihsel emsal ve uygulamasıdır.","7","","4",""
"4","Mısır'ın Fethi","Conquest of Egypt","641","20","30.01","31.23","Fustat, Mısır","1","Siyasi","Kritik","Amr b. el-Âs'ın Mısır'ı fethi; Fustat şehrinin kurulması","641'de Amr b. el-Âs komutasındaki İslam ordusu Mısır'ı fethetti. Bizans'ın Monofizit baskısından bunalmış Kıptî halk fethi büyük ölçüde olumlu karşıladı. Amr, Nil deltasının stratejik noktasında Fustat şehrini kurdu — bu şehir daha sonra Kahire'nin çekirdeği olacaktı. Mısır'ın fethi İslam dünyasına devasa tarımsal zenginlik ve stratejik konum kazandırdı: Akdeniz, Kızıldeniz ve Afrika'ya açılan kapı artık müslümanların elindeydi.","In 641, the Islamic army under Amr ibn al-As conquered Egypt. The Coptic population, weary of Byzantine Monophysite persecution, largely welcomed the conquest. Amr founded Fustat at a strategic point on the Nile delta — later the nucleus of Cairo. Egypt's conquest gave the Islamic world immense agricultural wealth and strategic position: the gateway to the Mediterranean, Red Sea and Africa was now in Muslim hands.","Mısır'ın fethi İslam İmparatorluğu'na en zengin tarım havzasını kazandırarak ekonomik gücün Hicaz'dan çok daha büyük bir tabana yayılmasını sağladı.","17","","",""
"5","Dîvân Sisteminin Kurulması","Establishment of the Diwan","637","15","24.47","39.61","Medine","1","Hukuki","Yüksek","Hz. Ömer'in mali ve idari kayıt sistemi","637'de Hz. Ömer, hızla büyüyen devletin mali ve idari işlerini düzenlemek için Dîvân sistemini kurdu. Müslüman vatandaşların ve askerlerin kayıt altına alınması, maaş ve ganimet dağıtımının sistematize edilmesi anlamına gelen bu sistem, Sâsânî ve Bizans idari geleneklerinden esinlense de İslam'ın eşitlikçi ilkelerine göre yeniden tasarlandı. Dîvân, İslam tarihindeki ilk bürokrasi örneğidir ve sonraki tüm İslam devletlerinin idari modelinin temelini oluşturdu.","In 637, Caliph Umar established the Diwan system to organize the rapidly growing state's fiscal and administrative affairs. This meant registering citizens and soldiers, systematizing salary and spoils distribution. Though inspired by Sasanian and Byzantine traditions, Umar redesigned the system according to Islamic egalitarian principles. The Diwan was Islam's first bureaucratic example and formed the administrative model for all subsequent Islamic states.","Dîvân sistemi, göçebe Arap toplumunun kurumsal devlet yapısına geçişinin dönüm noktasıdır.","8","","",""
"6","Emevî Camii İnşası","Construction of Umayyad Mosque","715","96","33.51","36.31","Şam (Damascus)","2","Mimari","Yüksek","İslam mimarisinin ilk büyük başyapıtlarından; Velîd I döneminde","Emevî Camii, Halife I. Velîd döneminde 715'te Şam'da tamamlandı. Roma tapınağı ve ardından Hristiyan kilisesi olan yapının yerine inşa edilen cami, İslam mimarisinin ilk büyük başyapıtı oldu. Altın mozaikleriyle süslü yapı, Bizans zanaatkârları tarafından İslam estetik vizyonuyla inşa edildi. Cami aynı zamanda siyasi bir mesajdı: Emevîler fethettikleri toprakların en prestijli şehirlerinden birinde kalıcı ve görkemli bir İslam varlığı ortaya koyuyordu.","The Umayyad Mosque was completed in Damascus in 715 under Caliph al-Walid I. Built on the site of a Roman temple and later a Christian church, it became the first great masterpiece of Islamic architecture. Decorated with golden mosaics by Byzantine artisans with an Islamic aesthetic vision, the mosque was also a political statement: the Umayyads were establishing a permanent, magnificent Islamic presence in one of their conquered territories' most prestigious cities.","Emevî Camii, İslam mimarisinin Antik ve Bizans geleneğiyle sentezini somutlaştıran ilk anıtsal yapıdır.","","","",""
"7","Kubbetü's-Sahra İnşası","Dome of the Rock Construction","691","72","31.78","35.24","Kudüs","2","Mimari","Kritik","Abdülmelik b. Mervân; İslam'ın ilk büyük anıtsal yapısı","691'de Emevî Halifesi Abdülmelik b. Mervân, Kudüs'teki Harem-i Şerîf alanında Kubbetü's-Sahra'yı inşa ettirdi. Yapı, Hz. Muhammed'in miraca yükseldiğine inanılan kutsal kaya üzerine konumlanan sekizgen planlı bir anıttır. İslam'ın ilk büyük anıtsal yapısı olan Kubbetü's-Sahra, hem Kudüs'ün İslam kimliğini vurgulama hem de Emevî hilafetinin meşruiyetini pekiştirme amacı taşıyordu. Altın kubbesi Kudüs siluetinin en tanınmış unsuru olarak günümüze ulaşmıştır.","In 691, Umayyad Caliph Abd al-Malik ibn Marwan built the Dome of the Rock on the Haram al-Sharif in Jerusalem. The structure is an octagonal monument placed over the sacred rock from which Prophet Muhammad is believed to have ascended to heaven. Islam's first great monumental building, the Dome of the Rock served both to emphasize Jerusalem's Islamic identity and to consolidate Umayyad caliphal legitimacy. Its golden dome remains the most recognizable element of the Jerusalem skyline.","Kubbetü's-Sahra, İslam anıtsal mimarisinin ve epigrafik sanatının başlangıç noktasıdır; yapıdaki Kur'ân kitabeleri bilinen en eski İslam yazıtlarındandır.","","3","",""
"8","Arap Dili Resmî Dil Oldu","Arabization of Administration","696","77","33.51","36.31","Şam","2","Hukuki","Yüksek","Abdülmelik döneminde dîvân dili Arapça'ya çevrildi","696'da Halife Abdülmelik b. Mervân, imparatorluğun resmi dîvân dilini Yunanca ve Farsça'dan Arapça'ya çevirdi. Bu karar yalnızca bürokratik bir düzenleme değil, kültürel bir devrimdi. Artık tüm vergi kayıtları, resmi yazışmalar ve devlet işleri Arapça yürütülecekti. Arabizasyon politikası, farklı dillerin konuşulduğu devasa coğrafyayı ortak bir idari dil etrafında birleştirerek İslam medeniyetinin entelektüel birliğinin zeminini hazırladı.","In 696, Caliph Abd al-Malik ibn Marwan converted the empire's official administrative language from Greek and Persian to Arabic. This was not merely a bureaucratic adjustment but a cultural revolution. All tax records, official correspondence and state affairs would now be conducted in Arabic. The Arabization policy unified a vast geography of different languages around a common administrative tongue, preparing the ground for the intellectual unity of Islamic civilization.","Arapça'nın resmi dil olması, İslam dünyasında ortak bir bilim, edebiyat ve hukuk dili oluşturarak medeniyetin evrensel karakterini mümkün kıldı.","","5","",""
"9","İslam Sikke Reformu","Islamic Coinage Reform","696","77","33.51","36.31","Şam","2","Ekonomik","Yüksek","İlk tamamen İslamî altın ve gümüş sikkeler basıldı","696'da Abdülmelik b. Mervân, Bizans ve Sâsânî sikke modellerini terk ederek tamamen İslamî tasarımlı altın dinar ve gümüş dirhem bastırdı. Üzerinde insan figürü yerine kelime-i şehâdet ve Kur'ân ayetleri bulunan bu sikkeler, İslam'ın ekonomik bağımsızlık ilanıydı. Sikke reformu, İslam dünyasının Akdeniz'den Orta Asya'ya kadar ortak bir para birimi kullanmasını sağlayarak uluslararası ticaretin kolaylaşmasına büyük katkı sağladı.","In 696, Abd al-Malik ibn Marwan abandoned Byzantine and Sasanian coin models, minting gold dinars and silver dirhams with purely Islamic designs. These coins, bearing the shahada and Quranic verses instead of human figures, were Islam's declaration of economic independence. The coinage reform enabled the Islamic world to use a common currency from the Mediterranean to Central Asia, greatly facilitating international trade.","İslam sikke reformu, Müslümanların kendi ekonomik sembolizmini yaratması ve Bizans-Sâsânî para sisteminden kopmasıdır.","","","",""
"10","Endülüs'ün Fethi","Conquest of al-Andalus","711","92","36.13","-5.35","Cebel-i Târık (Gibraltar)","2","Siyasi","Kritik","Târık b. Ziyâd; İslam'ın İber Yarımadası'na girişi","711'de Emevî komutanı Târık b. Ziyâd, Kuzey Afrika'dan geçerek İber Yarımadası'na çıkarma yaptı ve Vizigot Kralı Roderic'i yenilgiye uğrattı. Birkaç yıl içinde yarımadanın büyük bölümü müslüman kontrolüne girdi. Bu fetih, sekiz yüz yıl sürecek 'Endülüs' medeniyetinin başlangıcıydı — Müslüman, Hristiyan ve Yahudi toplulukların birlikte yaşadığı, bilim ve sanatta çağını aşan bir kültür havzası. Cebel-i Târık (Gibraltar) boğazı adını bu komutandan alır.","In 711, Umayyad commander Tariq ibn Ziyad crossed from North Africa to the Iberian Peninsula and defeated Visigothic King Roderic. Within a few years, most of the peninsula came under Muslim control. This conquest was the beginning of the eight-century-long 'al-Andalus' civilization — a cultural basin where Muslim, Christian and Jewish communities coexisted and excelled in science and art beyond their era. The Strait of Gibraltar takes its name from this commander.","Endülüs fethi, İslam medeniyetini Avrupa'nın içine taşıyarak Doğu-Batı kültürel etkileşiminin en verimli kanalını açtı.","40","","11",""
"11","Bağdat'ın Kuruluşu","Foundation of Baghdad","762","145","33.31","44.37","Bağdat (Medinetü's-Selam)","3","Mimari","Kritik","Mansûr tarafından 'Yuvarlak Şehir' olarak inşa edildi","762'de Abbâsî halifesi Mansûr, Bağdat'ı 'Yuvarlak Şehir' (Medînetü's-Selâm) olarak inşa ettirdi. Dicle kıyısında kurulan bu planlı şehir, kadim Mezopotamya ticaret yollarının kavşağında konumlanıyordu. Daire planıyla tasarlanan şehrin merkezinde halifenin sarayı ve büyük cami yer alıyordu. Bağdat kısa sürede dünyanın en büyük ve en kozmopolit şehri haline gelerek Arap, Fars, Türk, Hint ve Yunan entelektüel geleneklerinin buluşma noktası oldu.","In 762, Abbasid caliph al-Mansur built Baghdad as the 'Round City' (Madinat al-Salam). Founded on the Tigris at the crossroads of ancient Mesopotamian trade routes, the planned city featured a circular design with the caliph's palace and great mosque at its center. Baghdad rapidly became the world's largest and most cosmopolitan city, a meeting point for Arab, Persian, Turkish, Indian and Greek intellectual traditions.","Bağdat'ın kuruluşu, İslam medeniyetinin ağırlık merkezini Arap coğrafyasından kozmopolit bir dünya başkentine taşıyarak altın çağın fiziksel altyapısını oluşturdu.","12","","10",""
"12","Beytü'l-Hikme'nin Kurulması","Foundation of the House of Wisdom","830","215","33.31","44.37","Bağdat","3","Bilimsel","Kritik","Me'mûn döneminde; Yunan, Farsça, Hintçe eserlerin tercümesi","830 civarında Halife Me'mûn, Bağdat'ta Beytü'l-Hikme'yi (Bilgelik Evi) kurdu. Bu kurum, antik Yunan, Fars, Hint ve Süryani bilimsel eserlerinin sistematik olarak Arapça'ya çevrildiği devasa bir tercüme ve araştırma merkeziydi. Huneyn b. İshak ve ekibi Galen'in tıp eserlerini, Sâbit b. Kurra Arşimet'i, diğerleri Aristoteles ve Platon'u Arapça'ya kazandırdı. Bu tercüme hareketi, antik bilginin korunması ve geliştirilmesinde insanlık tarihinin en önemli entelektüel girişimlerinden biridir.","Around 830, Caliph al-Ma'mun established the House of Wisdom (Bayt al-Hikma) in Baghdad. This institution was a massive translation and research center where ancient Greek, Persian, Indian and Syriac scientific works were systematically translated into Arabic. Hunayn ibn Ishaq and his team translated Galen's medical works, Thabit ibn Qurra translated Archimedes, others rendered Aristotle and Plato into Arabic. This translation movement was one of the most important intellectual enterprises in human history for the preservation and advancement of ancient knowledge.","Beytü'l-Hikme, antik dünyanın bilgi mirasını koruyarak Avrupa Rönesansı'nın entelektüel temelini dolaylı olarak hazırladı.","13","11","","1,2,3,4,5"
"13","el-Hârizmî'nin Cebir Kitabı","Al-Khwarizmi's Algebra","830","215","33.31","44.37","Bağdat","3","Bilimsel","Kritik","Cebir biliminin temeli; 'algoritma' kelimesinin kökeni","830 civarında Muhammed b. Mûsâ el-Hârizmî, Beytü'l-Hikme'de 'Kitâbu'l-Muhtasar fî Hisâbi'l-Cebr ve'l-Mukābele' adlı eserini yazdı. Bu kitap cebir biliminin kurucu eseri olarak kabul edilir ve 'cebir' (algebra) kelimesi kitabın adından, 'algoritma' terimi ise Hârizmî'nin Latince transliterasyonundan gelir. Hint rakam sistemini de İslam dünyasına tanıtan Hârizmî, matematiğin evrensel diline bugün kullandığımız temel kavramları kazandırdı.","Around 830, Muhammad ibn Musa al-Khwarizmi wrote his 'Compendious Book on Calculation by Completion and Balancing' at the House of Wisdom. This book is considered the founding work of algebra — the word 'algebra' comes from the book's title, and 'algorithm' derives from the Latin transliteration of al-Khwarizmi's name. Having also introduced the Hindu numeral system to the Islamic world, al-Khwarizmi gave mathematics' universal language the fundamental concepts we use today.","Hârizmî'nin eserleri matematik tarihinde iki temel kavramın (cebir ve algoritma) doğuşunu temsil eder; modern bilgisayar biliminin uzak kökenidir.","","12","","1"
"14","Sâmarrâ Şehrinin Kuruluşu","Foundation of Samarra","836","221","34.2","43.87","Sâmarrâ, Irak","3","Mimari","Yüksek","Mu'tasım tarafından yeni başkent; Melviye Minaresi","836'da Halife Mu'tasım, Bağdat'taki Türk askerleriyle yerel halk arasındaki sürtüşmeyi çözmek için yeni başkent Sâmarrâ'yı kurdu. Dicle kıyısında 125 km'lik devasa bir alan üzerine planlanan şehir, İslam'ın o güne kadarki en büyük şehir projesi oldu. Dönemin en yüksek yapısı Melviye (spiral) Minaresi burada inşa edildi. Sâmarrâ yarım yüzyıldan fazla Abbâsî başkenti olarak kaldı ve Türk askeri elitinin siyasi gücünün simgesi haline geldi.","In 836, Caliph al-Mu'tasim founded the new capital Samarra to resolve friction between Turkish soldiers and Baghdad's local population. Planned over a vast 125 km stretch along the Tigris, it became Islam's largest urban project to date. The era's tallest structure, the Malwiya (spiral) Minaret, was built here. Samarra remained the Abbasid capital for over half a century and became a symbol of the Turkish military elite's political power.","Sâmarrâ'nın kuruluşu, Türk gulâm sisteminin Abbâsî siyasetindeki belirleyici rolünün somut yansımasıdır.","","11","",""
"15","Mihne (Kur'an'ın Mahlûk Olduğu İnancı Testi)","The Mihna","833","218","33.31","44.37","Bağdat","3","Dini","Yüksek","Me'mûn'un Mu'tezile doktrini dayatması; Ahmed b. Hanbel'in direnişi","833'te Halife Me'mûn, Mu'tezile mezhebinin 'Kur'ân mahlûktur (yaratılmıştır)' görüşünü resmi devlet doktrini ilan ederek 'Mihne' (sınav/inkizisyon) sürecini başlattı. Bu görüşü reddeden âlimler tutuklanıp yargılandı. En ünlü muhalif Ahmed b. Hanbel, hapis ve işkenceye rağmen görüşünden dönmedi ve İslam tarihinin en önemli direniş sembollerinden biri oldu. Mihne, devlet ile ulema arasındaki ilişkinin sınırlarını belirleyen temel kriz olarak İslam düşünce tarihinde dönüm noktasıdır.","In 833, Caliph al-Ma'mun declared the Mu'tazili doctrine that 'the Quran is created' as official state doctrine, launching the 'Mihna' (inquisition). Scholars who rejected this view were arrested and tried. The most famous dissenter, Ahmad ibn Hanbal, refused to recant despite imprisonment and torture, becoming one of Islamic history's most important symbols of resistance. The Mihna was a turning point in Islamic intellectual history as the fundamental crisis defining the relationship between state and ulema.","Mihne sonrası devletin teolojik meselelere müdahale yetkisi fiilen reddedildi; ulemanın bağımsızlığı Sünnî İslam'ın temel ilkesi haline geldi.","","12","","13"
"16","Abbâsî Hilafetinin Zayıflaması — Büveyhî Kontrolü","Buyid Capture of Baghdad","945","334","33.31","44.37","Bağdat","82","Siyasi","Kritik","Şiî Büveyhîler Bağdat'ı kontrol altına aldı; halife sembolik kaldı","945'te Şiî Büveyhî hanedanı Bağdat'ı ele geçirerek Abbâsî halifesini fiilen güçsüz bıraktı. Halife dini-sembolik bir figür olarak varlığını sürdürdü, ancak gerçek siyasi ve askeri güç Büveyhî emirlerinin elindeydi. Bu olay, İslam siyasi tarihinde 'ikili iktidar' modelinin başlangıcıdır: dini meşruiyeti elinde tutan halife ile fiili gücü kullanan askeri hanedan ayrımı. Bu model, Selçuklular ve Memlûkler döneminde de devam edecekti.","In 945, the Shia Buyid dynasty captured Baghdad, effectively rendering the Abbasid caliph powerless. The caliph continued to exist as a religious-symbolic figure, but real political and military power lay with the Buyid emirs. This event marked the beginning of the 'dual power' model in Islamic political history: the distinction between a caliph holding religious legitimacy and a military dynasty wielding actual power. This model would continue under the Seljuks and Mamluks.","Büveyhî Bağdat'ı alması, hilafet kurumunun fiili güçten sembolik meşruiyete dönüşümünün dönüm noktasıdır.","","","",""
"17","Kahire'nin Kuruluşu","Foundation of Cairo","969","358","30.04","31.24","Kahire (al-Qāhira)","27","Mimari","Kritik","Fâtımî komutanı Cevher es-Sıkıllî tarafından kuruldu","969'da Fâtımî komutanı Cevher es-Sıkıllî, Mısır'ı fethederek Kahire (el-Kāhira — 'Zafer Kazanan') şehrini kurdu. Fustat'ın kuzeydoğusuna planlanan yeni başkent, İsmâilî Fâtımî hilafetinin merkezi olarak tasarlandı. Kahire kısa sürede Abbâsî Bağdadı'na rakip bir entelektüel ve ticari metropol haline geldi. Şehrin kuruluşu, İslam dünyasında iki rakip hilafet merkezinin (Bağdat ve Kahire) aynı anda var olduğu benzersiz bir dönemi başlattı.","In 969, Fatimid commander Jawhar al-Siqilli conquered Egypt and founded Cairo (al-Qahira — 'The Victorious'). Planned northeast of Fustat, the new capital was designed as the center of the Ismaili Fatimid caliphate. Cairo rapidly became an intellectual and commercial metropolis rivaling Abbasid Baghdad. The city's founding launched a unique period when two rival caliphal centers (Baghdad and Cairo) existed simultaneously in the Islamic world.","Kahire'nin kuruluşu, İslam dünyasının siyasi ağırlık merkezini kalıcı olarak Nil vadisine kaydıran sürecin başlangıcıdır.","18","","",""
"18","el-Ezher Üniversitesi'nin Kuruluşu","Foundation of al-Azhar","970","359","30.05","31.26","Kahire","27","Bilimsel","Kritik","Dünyanın en eski üniversitelerinden biri; hâlâ faal","970'te Fâtımîler, Kahire'de el-Ezher Camii ve bağlı medreselerini kurdu. Başlangıçta İsmâilî Şiî doktrinin yayılması amacıyla kurulan Ezher, zamanla Sünnî İslam'ın en prestijli eğitim kurumu haline geldi. Bin yılı aşkın kesintisiz eğitim geleneğiyle dünyanın en eski üniversitelerinden biri sayılan Ezher, günümüzde hâlâ İslam dünyasının en yetkili dini-akademik kurumlarının başında gelir.","In 970, the Fatimids founded al-Azhar Mosque and its attached madrasas in Cairo. Originally established to spread Ismaili Shia doctrine, al-Azhar evolved into the most prestigious educational institution of Sunni Islam. Considered one of the world's oldest universities with over a millennium of uninterrupted teaching tradition, al-Azhar remains today among the foremost religious-academic authorities in the Islamic world.","el-Ezher, İslam'da kurumsal eğitimin en uzun ömürlü örneğidir ve Sünnî İslam dünyasındaki dini otoritenin merkezi referans noktası olmaya devam etmektedir.","","17","",""
"19","Dâru'l-Hikme (Kahire)","Foundation of Dar al-Hikma","1005","395","30.04","31.24","Kahire","27","Bilimsel","Yüksek","el-Hâkim döneminde kurulan İsmâilî bilim merkezi","1005'te Fâtımî Halifesi el-Hâkim, Kahire'de Dâru'l-Hikme'yi (Bilgelik Evi) kurdu. Bağdat'taki Beytü'l-Hikme'den ilham alan bu kurum, İsmâilî felsefenin yayılma merkezi olarak işlev gördü. Büyük kütüphanesi ve açık ders halkaları ile bilginleri cezbeden Dâru'l-Hikme, astronomi, tıp ve matematikle ilgili araştırmaları da destekledi. İbn el-Heysem gibi büyük bilginler bu entelektüel ortamdan beslendi.","In 1005, Fatimid Caliph al-Hakim founded the Dar al-Hikma (House of Knowledge) in Cairo. Inspired by Baghdad's Bayt al-Hikma, this institution functioned as a center for disseminating Ismaili philosophy. With its great library and open lecture circles attracting scholars, the Dar al-Hikma also supported research in astronomy, medicine and mathematics. Great scholars such as Ibn al-Haytham were nurtured by this intellectual environment.","Dâru'l-Hikme, Fâtımî entelektüel geleneğinin kurumsal omurgasıdır ve İslam dünyasında rekabetçi bilim merkezleri ağının önemli bir halkasıydı.","","17","","6"
"20","Nizâmiye Medreseleri","Foundation of Nizamiyyah Madrasas","1065","457","33.31","44.37","Bağdat (ve diğer şehirler)","91","Bilimsel","Kritik","Nizâmülmülk; sistematik medrese eğitiminin başlangıcı","1065'ten itibaren Büyük Selçuklu veziri Nizâmülmülk, Bağdat başta olmak üzere birçok şehirde Nizâmiye Medreseleri'ni kurdu. Bu medreseler, İslam eğitim tarihinde sistematik müfredat, düzenli burslar ve devlet destekli eğitim modelinin başlangıcı oldu. Nizâmiye'de İmam Gazâlî gibi büyük âlimler ders verdi. Medrese sistemi Avrupa'daki üniversite modeline ilham kaynağı olduğu düşünülen kurumsal bir eğitim devrimiydi.","From 1065 onward, Great Seljuk vizier Nizam al-Mulk founded the Nizamiyyah Madrasas in Baghdad and many other cities. These madrasas marked the beginning of systematic curriculum, regular scholarships, and state-sponsored education in Islamic educational history. Great scholars like Imam al-Ghazali taught at the Nizamiyyah. The madrasa system was an institutional educational revolution thought to have inspired the European university model.","Nizâmiye Medreseleri, İslam'da devlet destekli yükseköğretimin kurumsallaşmasıdır; bu model Ortadoğu, Orta Asya ve Anadolu'da yüzlerce yıl uygulandı.","","","","12,13"
"21","I. Haçlı Seferi — Kudüs'ün Kaybı","First Crusade — Fall of Jerusalem","1099","492","31.77","35.23","Kudüs","27","Siyasi","Kritik","Haçlılar Kudüs'ü ele geçirdi; İslam dünyasında şok","1099'da I. Haçlı Seferi, Kudüs'ü ele geçirdi. Avrupalı şövalyeler şehre girdiklerinde Müslüman ve Yahudi halkı katletti. Yaklaşık 450 yıldır İslam hakimiyetindeki Kudüs'ün kaybı, İslam dünyasında derin bir şok yarattı. Fâtımîlerin zayıflığı ve İslam dünyasındaki siyasi parçalanma, Haçlıların başarısının temel nedeniydi. Bu olay, Salâhaddîn Eyyûbî'nin ortaya çıkışına ve İslam dünyasının birleşme çağrısına zemin hazırladı.","In 1099, the First Crusade captured Jerusalem. The European knights massacred the Muslim and Jewish population upon entering the city. The loss of Jerusalem, under Islamic rule for approximately 450 years, sent shockwaves through the Muslim world. Fatimid weakness and political fragmentation in the Islamic world were the fundamental reasons for Crusader success. This event prepared the ground for Saladin's emergence and the call for Islamic world unity.","Kudüs'ün kaybı, İslam dünyasında 'cihat' kavramının yeniden canlanmasını ve Zengî-Eyyûbî birleştirme hareketini tetikledi.","22","","14",""
"22","Kudüs'ün Geri Alınması","Reconquest of Jerusalem","1187","583","31.77","35.23","Kudüs","30","Siyasi","Kritik","Salâhaddîn Eyyûbî 88 yıl sonra Kudüs'ü geri aldı","1187'de Salâhaddîn Eyyûbî, Hıttîn zaferinin ardından Kudüs'ü 88 yıl sonra geri aldı. I. Haçlı Seferi'ndeki katliamın aksine, Salâhaddîn şehri barışçıl biçimde teslim aldı ve Hristiyan halkın fidye ödeyerek ayrılmasına izin verdi. Bu davranış hem İslam hem Batı tarih yazımında 'şövalye ruhu' örneği olarak anılır. Kudüs'ün geri alınması İslam dünyasında büyük coşku yarattı ve Salâhaddîn'i İslam tarihinin en saygın liderlerinden biri haline getirdi.","In 1187, Saladin retook Jerusalem after 88 years, following his victory at Hattin. Unlike the massacre during the First Crusade, Saladin accepted the city peacefully and allowed Christian inhabitants to leave upon payment of ransom. This conduct is cited in both Islamic and Western historiography as an example of chivalry. The reconquest of Jerusalem generated great jubilation in the Muslim world and made Saladin one of the most respected leaders in Islamic history.","Kudüs'ün geri alınması, İslam dünyasında birlik ve cihat idealinin en güçlü sembolik gerçekleşmesidir.","","21","14,15",""
"23","Merâga Rasathanesi","Maragha Observatory","1259","657","37.39","46.22","Merâga, Azerbaycan","133","Bilimsel","Kritik","Nasîrüddîn Tûsî; İslam astronomisinin zirvesi","1259'da Moğol İlhanlı hükümdarı Hülâgü'nün veziri ve büyük bilgin Nasîrüddîn Tûsî, Merâga'da İslam dünyasının en gelişmiş rasathanesini kurdu. Farklı dinlerden (Müslüman, Hristiyan, Budist) astronomlar burada birlikte çalıştı. Merâga Rasathanesi, Ptolemaios'un gezegen modelini düzelten yeni astronomik teoriler üretti; Tûsî'nin geliştirdiği 'Tûsî çifti' mekanizması, Kopernik'in güneş merkezli modeline zemin hazırladı.","In 1259, the great scholar Nasir al-Din al-Tusi, vizier to the Mongol Ilkhanid ruler Hulagu, established the most advanced observatory in the Islamic world at Maragha. Astronomers from different religions (Muslim, Christian, Buddhist) worked together here. The Maragha Observatory produced new astronomical theories that corrected Ptolemy's planetary model; the 'Tusi couple' mechanism developed by al-Tusi helped lay the groundwork for Copernicus's heliocentric model.","Merâga Rasathanesi, Moğol yıkımının ortasında İslam biliminin devam ettiğini kanıtlayan ve Avrupa astronomi devrimine zemin hazırlayan entelektüel başarıdır.","","24","","18"
"24","Bağdat Kütüphanelerinin Yıkımı","Destruction of Baghdad Libraries","1258","656","33.31","44.37","Bağdat","","Felaket","Kritik","Moğol istilası; yüz binlerce eser Dicle'ye atıldı","1258'de Hülâgü Han'ın ordusu Bağdat'ı aldığında, beş yüz yıllık entelektüel birikimi taşıyan kütüphaneler sistematik olarak tahrip edildi. Rivayete göre Dicle Nehri'ne atılan kitapların mürekkebi nehri günlerce siyaha boyadı. Beytü'l-Hikme'nin koleksiyonları, Nizâmiye Medresesi'nin arşivleri ve sayısız özel kütüphane yok edildi. Bu kayıp yalnızca fiziksel kitapların değil, yüzyılların entelektüel ağlarının ve bilgi geleneğinin de yıkımıydı.","When Hulagu Khan's army took Baghdad in 1258, libraries carrying five centuries of intellectual accumulation were systematically destroyed. Legend holds that the ink from books thrown into the Tigris dyed the river black for days. The collections of the House of Wisdom, the archives of the Nizamiyyah Madrasa and countless private libraries were annihilated. This loss was not merely of physical books but of centuries of intellectual networks and knowledge traditions.","Bağdat kütüphanelerinin yıkımı, İslam entelektüel tarihinin en büyük tek kayıp olayıdır ve medeniyetin ağırlık merkezini kalıcı olarak doğudan batıya kaydırdı.","","","22",""
"25","Kara Veba (İslam Dünyası)","Black Death in Islamic World","1348","749","30.04","31.24","Mısır/Suriye merkez","31","Felaket","Kritik","Nüfusun %30-40'ı öldü; Memlûk gücü zayıfladı","1348'de Kara Veba (Büyük Veba) İslam dünyasını, özellikle Mısır ve Suriye'yi yıkıcı biçimde vurdu. Nüfusun tahminen %30-40'ı hayatını kaybetti. Tarihçi İbn Haldûn ailesinin büyük bölümünü bu salgında yitirdi. Memlûk Devleti'nin askeri ve ekonomik temelleri kalıcı olarak sarsıldı: köle-asker (memlûk) tedarik zinciri bozuldu, tarım üretimi düştü, ticaret ağları çöktü. Bu demografik felaket, Memlûklerin 16. yüzyılda Osmanlı'ya yenik düşmesinin yapısal nedenlerinden biridir.","In 1348, the Black Death devastated the Islamic world, particularly Egypt and Syria. An estimated 30-40% of the population perished. Historian Ibn Khaldun lost most of his family in the pandemic. The Mamluk state's military and economic foundations were permanently shaken: the mamluk slave-soldier supply chain was disrupted, agricultural production fell, and trade networks collapsed. This demographic catastrophe was one of the structural reasons for the Mamluks' defeat by the Ottomans in the 16th century.","Kara Veba, Memlûk İmparatorluğu'nun demografik ve ekonomik temellerini kalıcı olarak zayıflatan yapısal felaket oldu.","","","","19"
"26","Semerkant Rasathanesi","Ulugh Beg Observatory","1420","823","39.67","66.98","Semerkant","144","Bilimsel","Kritik","Uluğ Bey; yıldız kataloğu 1000+ yıldız; trigonometri tabloları","1420 civarında Timurlu prensi Uluğ Bey, Semerkant'ta İslam dünyasının son büyük rasathanesini kurdu. Burada hazırlanan yıldız kataloğu 1.000'den fazla yıldızın pozisyonunu kaydetti ve dönemin en doğru astronomik gözlemlerini içeriyordu. Uluğ Bey'in trigonometri tabloları da yüzyıllar boyunca referans olarak kullanıldı. Moğol yıkımı sonrası Orta Asya'nın entelektüel canlanışının simgesi olan bu rasathane, Uluğ Bey'in oğlu tarafından öldürülmesinden sonra terk edildi.","Around 1420, Timurid prince Ulugh Beg established the last great observatory of the Islamic world in Samarkand. The star catalog produced here recorded positions of over 1,000 stars with the most accurate astronomical observations of the era. Ulugh Beg's trigonometric tables were used as references for centuries. Symbolizing Central Asia's intellectual revival after the Mongol destruction, the observatory was abandoned after Ulugh Beg was killed by his own son.","Semerkant Rasathanesi, İslam gözlemsel astronomisinin son büyük başarısıdır ve Moğol sonrası Orta Asya'nın kültürel toparlanmasını simgeler.","","","","30"
"27","Herat Edebiyat Meclisi","Herat Literary Circle","1470","875","34.35","62.2","Herat, Horasan","144","Kültürel","Yüksek","Hüseyin Baykara ve Ali Şîr Nevâî; Çağatay edebiyatının zirvesi","1470'lerde Timurlu sultanı Hüseyin Baykara'nın sarayında, Herat'ta olağanüstü bir edebiyat ve sanat çevresi oluştu. Türk edebiyatının en büyük isimlerinden Ali Şîr Nevâî, Çağatay Türkçesi'nin Farsça'yla eşdeğer bir edebiyat dili olduğunu eserleriyel kanıtladı. Behzâd gibi minyatür ustaları İslam resim sanatını zirveye taşıdı. Herat Edebiyat Meclisi, Orta Asya Türk-İslam kültürünün en parlak dönemidir ve Bâbürlü ile Safevî saray kültürlerini doğrudan etkiledi.","In the 1470s, an extraordinary literary and artistic circle formed at the court of Timurid sultan Husayn Bayqara in Herat. Ali Shir Nava'i, one of the greatest figures of Turkic literature, proved through his works that Chagatai Turkish was a literary language equal to Persian. Miniature masters like Behzad brought Islamic painting to its zenith. The Herat Literary Circle represents the most brilliant period of Central Asian Turko-Islamic culture and directly influenced Mughal and Safavid court cultures.","Herat Meclisi, Türk dilinin yüksek edebiyat dili olarak kabul görmesini sağlayan kültürel dönüm noktasıdır.","","","","31"
"28","Süleymaniye Camii İnşası","Construction of Suleymaniye Mosque","1557","964","41.02","28.96","İstanbul","130","Mimari","Yüksek","Mimar Sinan'ın başyapıtı; Osmanlı mimarisinin zirvesi","1557'de Mimar Sinan, Kanuni Sultan Süleyman'ın emriyle İstanbul'da Süleymaniye Camii'ni tamamladı. Sinan, Ayasofya'nın büyük kubbesini aşma hedefiyle tasarladığı bu yapıda, mühendislik ile estetiği mükemmel bir dengede birleştirdi. Cami, medrese, hamam, hastane, aşevi ve kütüphane içeren devasa külliye, Osmanlı sosyal devlet anlayışının mimari manifestosuydu. Süleymaniye, İstanbul siluetinin tanımlayıcı unsuru olarak Osmanlı medeniyetinin zirvesini temsil eder.","In 1557, Architect Sinan completed the Süleymaniye Mosque in Istanbul by order of Sultan Suleiman the Magnificent. In this structure, designed to surpass Hagia Sophia's great dome, Sinan achieved a perfect balance of engineering and aesthetics. The vast complex including mosque, madrasa, bathhouse, hospital, soup kitchen and library was the architectural manifesto of the Ottoman social state concept. The Süleymaniye represents the zenith of Ottoman civilization as the defining element of Istanbul's skyline.","Süleymaniye Camii, Osmanlı klasik mimarisinin en olgun ifadesidir ve külliye sistemiyle İslam vakıf geleneğinin en görkemli uygulamasıdır.","","","","34"
"29","Osmanlı Matbaası (İbrahim Müteferrika)","First Ottoman Printing Press","1729","1141","41.01","28.98","İstanbul","130","Bilimsel","Yüksek","Osmanlı'da ilk Arap harfli matbaa; bilgi yayılımı","1729'da İbrahim Müteferrika, İstanbul'da Osmanlı İmparatorluğu'nun ilk Arap harfli matbaasını kurdu. Macar asıllı mühtedi bir Osmanlı aydını olan Müteferrika, matbaanın bilgi yayılımı ve devlet gücü için önemini anlayarak Sadrazam'ı ikna etmişti. İlk basılan eserler arasında sözlükler, tarih kitapları ve haritalar vardı. Matbaa geç bir başlangıç olsa da, Osmanlı entelektüel hayatında bilgi üretiminin demokratikleşmesinin ilk adımıydı.","In 1729, Ibrahim Muteferrika established the Ottoman Empire's first Arabic-script printing press in Istanbul. A Hungarian convert who became an Ottoman intellectual, Muteferrika convinced the Grand Vizier of the printing press's importance for knowledge dissemination and state power. Among the first works printed were dictionaries, history books and maps. Though a late start, the press was the first step in democratizing knowledge production in Ottoman intellectual life.","Osmanlı matbaası, İslam dünyasında basılı bilgi çağının geç ama önemli başlangıcıdır; bilginin el yazması tekelinden kurtulmasını başlattı.","","","",""
"30","Tanzimat Fermanı","Tanzimat Edict","1839","1255","41.01","28.98","İstanbul","130","Hukuki","Kritik","Osmanlı modernleşme reformlarının başlangıcı","1839'da Sultan Abdülmecid'in hattıyla ilan edilen Gülhane Hatt-ı Şerîfi (Tanzimat Fermanı), Osmanlı İmparatorluğu'nun kapsamlı modernleşme reformlarını başlattı. Ferman, tüm Osmanlı tebaasının din farkı gözetmeksizin can, mal ve namus güvenliğini garanti ediyor, vergi adaleti ve askere alma düzenlemesi vaat ediyordu. Hariciye Nâzırı Mustafa Reşid Paşa'nın eseri olan bu belge, Osmanlı'nın geleneksel İslam devlet yapısından modern anayasal düzene geçiş sürecinin başlangıç noktasıdır.","In 1839, the Gülhane Edict (Tanzimat Decree) proclaimed by Sultan Abdulmejid launched comprehensive modernization reforms in the Ottoman Empire. The edict guaranteed the safety of life, property and honor for all Ottoman subjects regardless of religion, promising tax equity and military service reform. The work of Foreign Minister Mustafa Reshid Pasha, this document was the starting point of the Ottoman transition from traditional Islamic state structure to modern constitutional order.","Tanzimat, Osmanlı'nın Batı tarzı hukuki eşitlik ve vatandaşlık kavramlarını resmi olarak benimsemesinin başlangıcıdır.","31","","",""
"31","I. Meşrutiyet","First Ottoman Constitution","1876","1293","41.01","28.98","İstanbul","130","Hukuki","Yüksek","Mithat Paşa; Kanun-i Esasi; ilk anayasa ve parlamento","1876'da Mithat Paşa'nın öncülüğünde Kanun-i Esasi ilan edilerek Osmanlı İmparatorluğu'nun ilk anayasası ve parlamentosu (Meclis-i Mebûsan) oluşturuldu. Bu anayasa, İslam dünyasındaki ilk modern anayasal deneyimdir. Ancak Sultan II. Abdülhamid, 1877-78 Osmanlı-Rus Savaşı'nı gerekçe göstererek Meclis'i feshetti ve otuz yıllık istibdat dönemini başlattı. I. Meşrutiyet kısa ömürlü olsa da, İslam dünyasında anayasal yönetim fikrinin tohumlarını ekti.","In 1876, the Kanun-i Esasi was proclaimed under Midhat Pasha's leadership, creating the Ottoman Empire's first constitution and parliament (Meclis-i Mebusan). This was the first modern constitutional experiment in the Islamic world. However, Sultan Abdulhamid II, using the 1877-78 Russo-Turkish War as pretext, dissolved the parliament and began thirty years of autocratic rule. Though short-lived, the First Constitutional Era planted the seeds of constitutional governance in the Islamic world.","I. Meşrutiyet, İslam dünyasında modern parlamenter yönetimin ilk uygulamasıdır ve Jön Türk hareketinin entelektüel temelini oluşturdu.","32","30","",""
"32","Osmanlı'nın Yıkılışı / Hilafet'in Kaldırılması","Abolition of the Caliphate","1924","1342","39.93","32.85","Ankara, Türkiye","130","Siyasi","Kritik","1400 yıllık hilafet kurumunun sonu","1924'te Türkiye Büyük Millet Meclisi, Osmanlı hanedanını sürgüne gönderdikten sonra hilafet makamını da kaldırdı. Hz. Muhammed'den bu yana 1.300 yılı aşkın süredir (kesintilerle) devam eden bu kurum, modern ulus-devlet anlayışıyla bağdaşmaz görüldü. Son halife Abdülmecid Efendi sürgüne gönderildi. Hilafet'in kaldırılması İslam dünyasında derin tartışmalar yarattı; bazıları bunu İslam birliğinin sembolik sonunu görürken, diğerleri modern yönetim biçimlerinin kaçınılmaz bir sonucu olarak değerlendirdi.","In 1924, the Turkish Grand National Assembly abolished the caliphate after having already exiled the Ottoman dynasty. This institution, which had continued (with interruptions) for over 1,300 years since Prophet Muhammad, was deemed incompatible with modern nation-state governance. The last caliph, Abdulmejid Efendi, was sent into exile. The abolition provoked deep debate in the Islamic world; some saw it as the symbolic end of Islamic unity, while others viewed it as an inevitable consequence of modern governance.","Hilafet'in kaldırılması, İslam dünyasının tek bir siyasi-dini otorite etrafında birleşme geleneğinin kesin sonudur.","","31","42",""
"33","İran'da Şiîliğin Resmî Mezhep Olması","Twelver Shiism as State Religion","1501","907","38.08","46.29","Tebriz","148","Dini","Kritik","Şah İsmail; İran'ın kimliğini belirleyen dönüm noktası","1501'de Safevî Şah İsmail, Tebriz'i alarak İsnâaşeriyye (On İki İmam) Şiîliğini İran'ın resmi devlet mezhebi ilan etti. O güne kadar İran'ın büyük bölümü Sünnî nüfusa sahipti; Şah İsmail'in politikası, bazen zorla, İran'ın dini kimliğini kökten değiştirdi. Bu karar, İran'ı İslam dünyasının geri kalanından ayrıştıran ve bugüne kadar süren mezhepsel kimliğin temelini attı. Osmanlı-Safevî rekabeti de büyük ölçüde bu mezhepsel ayrım üzerinden şekillendi.","In 1501, Safavid Shah Ismail captured Tabriz and declared Twelver Shiism as Iran's official state religion. Until then, much of Iran had a Sunni population; Shah Ismail's policy, sometimes through coercion, fundamentally changed Iran's religious identity. This decision laid the foundation for the sectarian identity that distinguished Iran from the rest of the Islamic world — a distinction that persists to this day. The Ottoman-Safavid rivalry was largely shaped by this sectarian divide.","İran'ın Şiîleşmesi, İslam dünyasının en kalıcı mezhepsel-coğrafi ayrımını yaratarak Ortadoğu siyasetini bugüne kadar etkileyen bir yapısal gerçeklik oluşturdu.","34","","27",""
"34","İsfahan — Nakş-ı Cihan Meydanı","Naqsh-e Jahan Square","1598","1006","32.66","51.68","İsfahan","148","Mimari","Yüksek","Şah Abbas; UNESCO Dünya Mirası; İsfahan'ın altın çağı","1598'de Safevî Şah Abbas, başkenti İsfahan'a taşıyarak şehrin merkezine Nakş-ı Cihan Meydanı'nı inşa ettirdi. Dünyanın en büyük meydanlarından biri olan bu alan, Şah Camii, Şeyh Lütfullah Camii, Âlî Kapu Sarayı ve Kayseri-i Büzürg çarşısıyla çevriliydi. 'İsfahan, nısf-ı cihân' (İsfahan, dünyanın yarısıdır) sözü bu dönemde yaygınlaştı. Safevî İsfahan'ı, İslam şehircilik ve mimari estetiğinin en rafine örneğidir.","In 1598, Safavid Shah Abbas moved the capital to Isfahan and built the Naqsh-e Jahan Square at its center. One of the world's largest squares, this space was surrounded by the Shah Mosque, Sheikh Lotfollah Mosque, Ali Qapu Palace and the Grand Bazaar. The saying 'Isfahan is half the world' became popular in this era. Safavid Isfahan represents the most refined example of Islamic urbanism and architectural aesthetics.","Nakş-ı Cihan Meydanı, İslam şehir planlama geleneğinin en görkemli bütünsel uygulamasıdır ve Safevî sanat estetiğinin sembolüdür.","","33","",""
"35","Tâc Mahal İnşası","Construction of Taj Mahal","1643","1053","27.17","78.04","Agra, Hindistan","175","Mimari","Kritik","Şah Cihan; dünyanın en ünlü yapılarından biri","1643'te Bâbürlü hükümdarı Şah Cihan, eşi Mümtaz Mahal'in anısına Agra'da Tâc Mahal'in inşaatını başlattı. Yirmi yılda tamamlanan bu beyaz mermer türbe, İslam mimarisinin, Fars bahçe geleneğinin ve Hint zanaatkârlığının mükemmel bir sentezini oluşturur. Geometrik mükemmeliyeti, ışık oyunları ve su yansımaları ile Tâc Mahal dünya mimarlık tarihinin en tanınmış yapısıdır. Yapım maliyeti Bâbürlü hazinesini zorlarken, Şah Cihan'ın oğlu Evrengzîb tarafından tahttan indirilmesine dolaylı katkı sağladı.","In 1643, Mughal ruler Shah Jahan began construction of the Taj Mahal in Agra in memory of his wife Mumtaz Mahal. Completed over twenty years, this white marble mausoleum represents a perfect synthesis of Islamic architecture, Persian garden tradition and Indian craftsmanship. With its geometric perfection, light effects and water reflections, the Taj Mahal is the most recognizable building in world architectural history. Its construction cost strained the Mughal treasury and indirectly contributed to Shah Jahan's deposition by his son Aurangzeb.","Tâc Mahal, İslam-Hint mimari sentezinin en yüksek noktasıdır ve İslam medeniyetinin evrensel estetik mirasının en bilinen sembolüdür.","","","",""
"36","Ekber'in Dîn-i İlâhî'si","Akbar's Din-i-Ilahi","1582","990","27.18","78.02","Fetihpûr Sikri","175","Dini","Yüksek","Ekber Şah'ın dinler arası diyalog denemesi","1582'de Bâbürlü İmparatoru Ekber, Fetihpûr Sikri'de tüm dinlerin ortak yönlerini birleştirmeyi amaçlayan 'Dîn-i İlâhî' (İlahi Din) doktrinini ilan etti. Müslüman, Hindu, Hristiyan, Zerdüşt ve Jain temsilcileriyle İbadethane (ibadet evi) toplantıları düzenleyen Ekber, dinler arası diyalogun en erken ve en radikal denemelerinden birini gerçekleştirdi. Hareket az sayıda takipçi kazandı ve Ekber'in ölümüyle sona erdi, ancak Bâbürlü hoşgörü geleneğinin sembolik zirvesini temsil eder.","In 1582, Mughal Emperor Akbar proclaimed the 'Din-i Ilahi' (Divine Faith) at Fatehpur Sikri, aiming to synthesize common elements of all religions. Organizing Ibadatkhana (House of Worship) meetings with Muslim, Hindu, Christian, Zoroastrian and Jain representatives, Akbar conducted one of the earliest and most radical experiments in interfaith dialogue. The movement gained few followers and ended with Akbar's death, but it represents the symbolic zenith of the Mughal tolerance tradition.","Dîn-i İlâhî, İslam tarihinde devlet düzeyinde girişilen en kapsamlı dinler arası diyalog denemesidir.","","","",""
"37","Timbuktu — Sankore Medresesi Altın Çağı","Golden Age of Sankore","1450","854","16.77","-3.01","Timbuktu, Mali","58","Bilimsel","Yüksek","25.000 öğrenci; yüz binlerce el yazması; Batı Afrika'nın entelektüel merkezi","15. yüzyıl ortalarında Timbuktu'daki Sankore Medresesi altın çağını yaşıyordu. Şehirde 25.000 civarında öğrenci eğitim görüyor, yüz binlerce el yazması üretiliyor ve saklanıyordu. Hukuk, astronomi, matematik, tıp ve İslam bilimleri öğretilen Sankore, Batı Afrika'nın entelektüel merkezi ve İslam dünyasının en güney noktasındaki büyük bilim merkeziydi. Timbuktu el yazmaları bugün UNESCO Dünya Mirası listesinde korunan paha biçilmez bir kültürel hazinedir.","In the mid-15th century, the Sankore Madrasa in Timbuktu was experiencing its golden age. The city educated approximately 25,000 students, producing and preserving hundreds of thousands of manuscripts. Teaching law, astronomy, mathematics, medicine and Islamic sciences, Sankore was West Africa's intellectual center and the southernmost great center of learning in the Islamic world. The Timbuktu manuscripts remain a priceless cultural treasure protected on the UNESCO World Heritage list.","Sankore, İslam medeniyetinin Sahra altı Afrika'daki en parlak entelektüel başarısını temsil eder ve İslam'ın küresel yayılımının derinliğini kanıtlar.","","","",""
"38","Kurtuba Camii İnşası","Great Mosque of Cordoba","785","169","37.88","-4.78","Kurtuba (Córdoba)","4","Mimari","Kritik","İslam İspanyası'nın simgesi; UNESCO Dünya Mirası","785'te Endülüs Emevî emîri I. Abdurrahman, Kurtuba'da (Córdoba) eski bir Vizigot kilisesinin yerine Büyük Cami'nin inşaatını başlattı. Sonraki iki yüz yıl boyunca genişletilen cami, çift katlı at nalı kemerli sütun ormanıyla İslam mimarisinin en özgün yapılarından biri haline geldi. Kurtuba Camii, İslam İspanyası'nın simgesi ve İslam ile Roma-Vizigot mimari geleneğinin benzersiz senteziydi. Reconquista sonrası kiliseye dönüştürülmesine rağmen İslam karakterini korumuştur.","In 785, Umayyad emir Abd al-Rahman I began construction of the Great Mosque of Cordoba on the site of an old Visigothic church. Expanded over the following two centuries, the mosque, with its forest of double-tiered horseshoe arches, became one of Islamic architecture's most original structures. The Cordoba Mosque was the symbol of Islamic Spain and a unique synthesis of Islamic and Roman-Visigothic architectural traditions. Though converted to a church after the Reconquista, it retains its Islamic character.","Kurtuba Camii, İslam Endülüs estetiğinin kurucu yapısıdır ve Doğu-Batı mimari sentezinin en erken ve en etkili örneğidir.","","10","",""
"39","Medinetüzzehrâ Sarayı","Madinat al-Zahra Palace City","936","324","37.88","-4.87","Kurtuba yakını","4","Mimari","Yüksek","III. Abdurrahman'ın saray şehri; İslam medeniyetinin ihtişamı","936'da Endülüs Emevî halifesi III. Abdurrahman, Kurtuba yakınında Medinetüzzehrâ saray şehrini inşa ettirmeye başladı. Hilafet ilan etmesinin ardından Abbâsîlere ve Fâtımîlere karşı güç gösterisi olarak tasarlanan bu devasa proje, binlerce işçi ve zanaatkârla on yılda tamamlandı. Mermer, fildişi, altın ve değerli taşlarla bezeli saray, İslam dünyasının en görkemli yapı komplekslerinden biriydi. Ancak Endülüs iç savaşlarında (fitne) 1010'da yağmalanarak büyük ölçüde tahrip edildi.","In 936, Andalusian Umayyad caliph Abd al-Rahman III began constructing the palace city of Madinat al-Zahra near Cordoba. Designed as a display of power against the Abbasids and Fatimids after his declaration of the caliphate, this massive project was completed over ten years with thousands of workers and artisans. Adorned with marble, ivory, gold and precious stones, the palace was one of the most magnificent building complexes in the Islamic world. However, it was sacked and largely destroyed during the Andalusian civil wars (fitna) in 1010.","Medinetüzzehrâ, Endülüs Emevî hilafetinin ihtişamını ve siyasi iddiasını somutlaştıran ancak kısa ömürlü olan mimari manifestodur.","","","",""
"40","Endülüs'te Tercüme Hareketi","Toledo Translation Movement","1150","545","39.86","-4.02","Tuleytula (Toledo)","","Bilimsel","Kritik","Arapça eserlerin Latince'ye çevirisi; Avrupa Rönesansı'nın temeli","12. yüzyıldan itibaren Toledo (Tuleytula), Arapça bilimsel eserlerin Latince'ye çevrildiği büyük tercüme merkezine dönüştü. 1085'te Hristiyan Kastilya tarafından alınan şehirde, Arap, Yahudi ve Hristiyan bilginler birlikte çalışarak Aristo, İbn Sînâ, el-Hârizmî, İbn Rüşd ve diğerlerinin eserlerini Latince'ye kazandırdı. Bu tercüme hareketi, antik bilginin İslam dünyasındaki yorumlarını Avrupa'ya taşıyarak Rönesans'ın entelektüel temellerini hazırladı.","From the 12th century onward, Toledo became a major center where Arabic scientific works were translated into Latin. In this city, captured by Christian Castile in 1085, Arab, Jewish and Christian scholars worked together translating the works of Aristotle, Avicenna, al-Khwarizmi, Averroes and others into Latin. This translation movement carried the Islamic world's interpretations of ancient knowledge to Europe, preparing the intellectual foundations of the Renaissance.","Toledo Tercüme Hareketi, İslam entelektüel mirasının Avrupa'ya aktarılmasının en sistematik kanalıydı ve Batı bilim devriminin dolaylı öncüsüdür.","","10","","22,23,24"
"41","Malakka Sultanliği'nın Kuruluşu","Foundation of Malacca Sultanate","1400","802","2.2","102.25","Malakka","181","Siyasi","Yüksek","Güneydoğu Asya'da İslam'ın yayılmasında kritik rol","1400 civarında Parameswara tarafından kurulan Malakka Sultanlığı, Güneydoğu Asya'da İslam'ın yayılmasında merkezi rol oynadı. Malakka Boğazı'nın stratejik konumu sayesinde şehir, Çin, Hindistan ve Spice Islands arasındaki ticaretin en önemli kavşağı haline geldi. Hindistan'dan gelen tüccarlar aracılığıyla İslam'a geçen sultanlık, İslam'ı bölgenin lingua franca'sı olan Malay dili ve kültürüyle birleştirerek Güneydoğu Asya müslümanlığının temellerini attı.","The Malacca Sultanate, founded around 1400 by Parameswara, played a central role in the spread of Islam in Southeast Asia. Thanks to the Strait of Malacca's strategic position, the city became the most important trading hub between China, India and the Spice Islands. Converting to Islam through Indian traders, the sultanate laid the foundations of Southeast Asian Islam by merging it with the Malay language and culture — the region's lingua franca.","Malakka, İslam'ın Güneydoğu Asya'ya yayılmasındaki en kritik siyasi ve ticari merkezdir.","42","","",""
"42","Portekiz'in Malakka'yı İşgali","Portuguese Conquest of Malacca","1511","917","2.2","102.25","Malakka","181","Siyasi","Kritik","Avrupa sömürgeciliğinin Güneydoğu Asya'ya girişi","1511'de Portekiz, Alfonso de Albuquerque komutasında Malakka'yı işgal ederek İslam dünyasının en doğusundaki büyük ticaret merkezini ele geçirdi. Bu olay, Avrupa sömürgeciliğinin Güneydoğu Asya'ya girişinin sembolik başlangıcıdır. Portekizliler baharat ticaretinin kontrolünü hedefliyordu; Malakka'nın düşüşü, bölgedeki Müslüman ticaret ağlarını kalıcı olarak bozdu. Malakka sultanlığı güneye çekilip Johor'u kursa da, eski gücüne bir daha ulaşamadı.","In 1511, Portugal under Alfonso de Albuquerque seized Malacca, capturing the easternmost great trading center of the Islamic world. This event was the symbolic beginning of European colonialism's entry into Southeast Asia. The Portuguese aimed to control the spice trade; Malacca's fall permanently disrupted Muslim trading networks in the region. Though the Malacca sultanate retreated south and founded Johor, it never regained its former power.","Malakka'nın düşüşü, Avrupa deniz güçlerinin İslam dünyasının ticaret hegemonyasını kırmaya başladığı dönüm noktasıdır.","","41","",""
"43","Napolyon'un Mısır Seferi","Napoleon's Expedition to Egypt","1798","1213","30.04","31.24","Kahire","","Siyasi","Kritik","İslam dünyasının Batı modernizasyonuyla karşılaşması","1798'de Napolyon Bonapart, Mısır'a çıkarma yaparak İslam dünyasının Batı modernizasyonuyla doğrudan yüzleşmesini başlattı. Memlûk süvarisini Piramitler Savaşı'nda kolayca yenen Fransız ordusu, yanında bilim adamları ve matbaa da getirmişti. Osmanlı-İngiliz ittifakı Napolyon'u geri çekilmeye zorlasa da, sefer İslam dünyasında 'modernleşme şoku'nu tetikledi. Mehmed Ali Paşa'nın Mısır'ı modernleştirme çabası bu deneyimin doğrudan sonucudur.","In 1798, Napoleon Bonaparte landed in Egypt, initiating the Islamic world's direct confrontation with Western modernization. The French army, which easily defeated the Mamluk cavalry at the Battle of the Pyramids, also brought scientists and a printing press. Though an Ottoman-British alliance forced Napoleon to withdraw, the expedition triggered a 'modernization shock' in the Islamic world. Muhammad Ali Pasha's efforts to modernize Egypt were a direct result of this experience.","Napolyon'un Mısır seferi, İslam dünyasının Batı askeri ve teknolojik üstünlüğüyle yüzleşerek modernleşme sürecini başlattığı sembolik kırılma noktasıdır.","","","",""
"44","Vehhâbî Hareketi","Wahhabi Movement","1744","1157","24.63","46.72","Dir'iyye, Necd","55","Dini","Yüksek","Muhammed b. Abdülvehhâb ve Suud ittifakı; modern Suudi devletinin temeli","1744'te İslam reformcusu Muhammed b. Abdülvehhâb ile Necd'in yerel emîri Muhammed b. Suûd ittifak kurdu. Abdülvehhâb'ın 'saf tevhid'e dönüş çağrısı — türbe ziyareti, evliya kültü ve bid'atlere karşı sert tutum — Suud ailesinin siyasi gücüyle birleşti. Bu ittifak, Birinci Suudi Devleti'nin temelini oluşturdu ve modern Suudi Arabistan'ın ideolojik kökenlerini belirledi. Vehhâbîlik, İslam dünyasındaki en etkili reform/ihya hareketlerinden biri olarak tartışmalı ama güçlü bir miras bıraktı.","In 1744, Islamic reformer Muhammad ibn Abd al-Wahhab allied with Muhammad ibn Saud, the local emir of Najd. Abd al-Wahhab's call for 'return to pure monotheism' — taking a strict stance against tomb visitation, saint cults and innovations — merged with the Saud family's political power. This alliance laid the foundation of the First Saudi State and determined the ideological origins of modern Saudi Arabia. Wahhabism left a controversial but powerful legacy as one of the most influential reform/revival movements in the Islamic world.","Vehhâbî-Suud ittifakı, modern İslam siyasetinde din-devlet ilişkisinin en etkili modellerinden birini yaratarak Arap Yarımadası'nın siyasi haritasını değiştirdi.","","","",""
"45","Süveyş Kanalı Açılışı","Opening of Suez Canal","1869","1286","30.46","32.34","İsmailiye, Mısır","","Ekonomik","Kritik","Dünya ticaretinin dönüşümü; Mısır'ın stratejik öneminin artması","1869'da Süveyş Kanalı'nın açılışı, dünya ticaretinin coğrafyasını köklü biçimde değiştirdi. Mısır hidivi İsmail Paşa'nın prestij projesi olan kanal, Akdeniz ile Kızıldeniz'i birleştirerek Avrupa-Asya deniz yolculuğunu binlerce mil kısalttı. Ancak devasa borçlanma Mısır'ın mali bağımsızlığını kaybetmesine ve 1882'de İngiliz işgaline zemin hazırladı. Kanal, Mısır'ın stratejik önemini artırdığı kadar, sömürgecilik tuzağına düşmesinin de aracı oldu.","The opening of the Suez Canal in 1869 fundamentally changed the geography of world trade. A prestige project of Egyptian Khedive Ismail Pasha, the canal connected the Mediterranean and Red Sea, shortening the Europe-Asia sea voyage by thousands of miles. However, the enormous debt led to Egypt losing its financial independence and prepared the ground for British occupation in 1882. The canal increased Egypt's strategic importance as much as it became the instrument of its fall into the colonial trap.","Süveyş Kanalı, Mısır'ın modern dünya ticaretinin stratejik merkezlerinden biri haline gelmesini sağlarken, sömürgeci müdahalenin de kapısını açtı.","","","",""
"46","İbn Haldûn'un Mukaddime'si","Ibn Khaldun's Muqaddimah","1377","779","36.8","10.18","Tunus","","Bilimsel","Kritik","Tarih felsefesi ve sosyolojinin temeli","1377'de İbn Haldûn, Tunus yakınlarında inzivaya çekilerek Mukaddime'yi yazdı. Bu eser, tarih felsefesinin ve sosyolojinin kurucu metni olarak kabul edilir. İbn Haldûn 'asabiyet' (grup dayanışması) kavramıyla hanedanların yükseliş ve çöküş döngüsünü açıklayan bir teori geliştirdi. Medeniyetlerin doğuşunu, olgunluğunu ve çöküşünü sistematik biçimde analiz eden ilk düşünür olan İbn Haldûn, çağını yüzyıllar aşarak Batı sosyal bilimlerini de derinden etkiledi.","In 1377, Ibn Khaldun retreated to seclusion near Tunis and wrote the Muqaddimah. This work is considered the founding text of philosophy of history and sociology. Ibn Khaldun developed a theory explaining the rise and fall cycle of dynasties through the concept of 'asabiyyah' (group solidarity). The first thinker to systematically analyze the birth, maturity and decline of civilizations, Ibn Khaldun transcended his era by centuries and deeply influenced Western social sciences.","Mukaddime, insanlık tarihinde toplumsal olayları sistematik ve ampirik olarak analiz eden ilk büyük eserdir; modern sosyolojinin ve tarih felsefesinin habercisidir.","","","","19"
"47","Mekke'nin Fethi","Conquest of Mecca","630","8","21.42","39.83","Mekke","","Siyasi","Kritik","Hz. Peygamber'in Mekke'yi kansız fethederek İslam'ın zaferini ilan etmesi","630'da Hz. Muhammed, 10.000 kişilik ordusunun başında Mekke'ye girdi. Kureyş direniş gösteremedi ve şehir neredeyse kansız teslim oldu. Hz. Muhammed Kâbe'deki putları kırdırdı ve genel af ilan ederek 'bugün size kınama yoktur' dedi. Bu merhamet, eski düşmanların İslam'a katılımını kolaylaştırdı. Mekke'nin fethi, Arap Yarımadası'ndaki son direniş noktalarını ortadan kaldırarak İslam'ın yarımadadaki hâkimiyetini kesinleştirdi.","In 630, Prophet Muhammad entered Mecca at the head of a 10,000-strong army. The Quraysh were unable to resist and the city surrendered virtually without bloodshed. Muhammad had the idols in the Kaaba destroyed and declared general amnesty, saying 'there is no blame upon you this day.' This mercy facilitated the conversion of former enemies. The conquest of Mecca eliminated the last points of resistance in the Arabian Peninsula, finalizing Islam's supremacy over Arabia.","Mekke'nin fethi, İslam'ın Arap Yarımadası'ndaki tartışılmaz zaferini temsil eder ve Hz. Muhammed'in siyasi liderliğinin zirvesidir.","1","","1,2,3",""
"48","Kâğıt Üretiminin İslam Dünyasına Girişi","Paper Production in Islamic World","751","134","39.65","66.96","Semerkant","3","Bilimsel","Yüksek","Talas Savaşı sonrası Çin'den gelen kâğıt teknolojisi; bilgi devrimi","751'deki Talas Savaşı'nın ardından Çinli savaş esirleri aracılığıyla kâğıt yapım teknolojisi İslam dünyasına aktarıldı. Semerkant'ta kurulan ilk kâğıt imalathanesi, bilgi üretimi ve yayılımında devrim yarattı. Kâğıt, papirüs ve parşömenden çok daha ucuz ve pratik bir yazı malzemesiydi. Bağdat, Şam, Kahire ve Endülüs'te kâğıt imalathaneleri hızla çoğaldı. Bu teknoloji transferi, İslam altın çağının entelektüel patlamasının fiziksel altyapısını oluşturdu.","Following the Battle of Talas in 751, papermaking technology was transferred to the Islamic world through Chinese prisoners of war. The first paper mill established in Samarkand revolutionized knowledge production and dissemination. Paper was far cheaper and more practical than papyrus or parchment. Paper mills rapidly multiplied in Baghdad, Damascus, Cairo and al-Andalus. This technology transfer created the physical infrastructure for the intellectual explosion of the Islamic golden age.","Kâğıt teknolojisi İslam dünyasına girişi, bilgi üretim maliyetini radikal biçimde düşürerek Beytü'l-Hikme çağının ve tercüme hareketinin maddi zeminini hazırladı.","12","","12",""
"49","İbn Sînâ'nın el-Kānûn fî't-Tıbb'ı","Avicenna's Canon of Medicine","1025","416","32.65","51.68","İsfahan/Hamedan","82","Bilimsel","Kritik","600 yıl boyunca Avrupa ve İslam dünyasında temel tıp kitabı","1025 civarında İbn Sînâ (Avicenna), el-Kānûn fî't-Tıbb (Tıp Kanunu) adlı ansiklopedik eserini tamamladı. Beş ciltlik bu devasa yapıt, Galen ve Hipokrat'ın mirasını İslam tıp birikimiyel sentezleyerek sistematize etti. Hastalıkların sınıflandırılmasından ilaç formüllerine, bulaşıcı hastalık kavramından cerrahi tekniklere kadar geniş bir alanı kapsıyordu. Latince'ye çevrildikten sonra 600 yıldan fazla süreyle hem Avrupa hem İslam dünyasında temel tıp referansı olarak kullanıldı.","Around 1025, Ibn Sina (Avicenna) completed his encyclopedic work 'The Canon of Medicine.' This five-volume masterwork synthesized and systematized the legacy of Galen and Hippocrates with Islamic medical knowledge. It covered a vast range from disease classification to drug formulations, from the concept of contagious disease to surgical techniques. After translation into Latin, it was used as the fundamental medical reference in both Europe and the Islamic world for over 600 years.","el-Kānûn, tıp tarihinin en uzun süre kullanılan referans eseridir ve İslam bilim geleneğinin Avrupa'ya en doğrudan etkisini temsil eder.","","12","","7"
"50","el-İdrîsî'nin Dünya Haritası","Al-Idrisi's World Map","1154","549","38.12","13.36","Palermo, Sicilya","12","Bilimsel","Yüksek","Ortaçağın en gelişmiş dünya haritası; Roger II için hazırlandı","1154'te Fas kökenli coğrafyacı el-İdrîsî, Sicilya Kralı II. Roger için Tabula Rogeriana adlı dünya haritasını ve beraberindeki coğrafya kitabını tamamladı. On beş yıllık çalışmanın ürünü olan bu harita, Ortaçağ'ın en doğru ve kapsamlı dünya haritasıydı. el-İdrîsî, İslam coğrafya geleneği ile Norman denizciliğinin birikiminni birleştirerek Avrupa, Asya ve Afrika'yı detaylı biçimde haritaladı. Eser, Müslüman-Hristiyan entelektüel işbirliğinin olağanüstü bir örneğidir.","In 1154, Moroccan geographer al-Idrisi completed the Tabula Rogeriana world map and accompanying geographical text for King Roger II of Sicily. The product of fifteen years of work, this was the most accurate and comprehensive world map of the medieval period. Al-Idrisi combined Islamic geographical tradition with Norman maritime knowledge to map Europe, Asia and Africa in detail. The work is an extraordinary example of Muslim-Christian intellectual collaboration.","el-İdrîsî'nin haritası, Ortaçağ coğrafya biliminin en ileri noktasıdır ve İslam ile Hristiyan bilimsel geleneğin verimli işbirliğini somutlaştırır.","","","","25"
