"monument_id","name_tr","name_en","type_tr","type_en","date_ce","city_tr","city_en","lat","lon","dynasty_id","patron_ruler","unesco","status","significance","notes_tr","notes_en","narrative_tr","narrative_en","architectural_detail_tr","historical_context_tr","visitor_note_tr","related_event_ids","related_scholar_ids"
"1","Mescid-i Nebevî","Prophet's Mosque","Cami","Mosque","622","Medine","Medina","24.47","39.61","1","Hz. Muhammed","Hayır","Aktif","Kritik","İslam'ın ikinci kutsal mescidi; birçok kez genişletildi","Second holiest mosque in Islam; expanded many times","Hz. Muhammed'in 622'de Medine'ye hicretinden sonra bizzat inşaatına katıldığı mescit, İslam mimarisinin ilk yapısıdır. Başlangıçta hurma dalları ve kerpiçten basit bir avlu olan mescit, hem ibadet hem yönetim hem eğitim merkezi olarak İslam'ın çok işlevli cami geleneğinin prototipiydi. Yüzyıllar boyunca Emevî, Abbâsî, Memlûk, Osmanlı ve Suudi dönemlerinde sürekli genişletilerek bugünkü devasa yapıya ulaştı.","The mosque Prophet Muhammad personally helped build after the 622 Hijra to Medina is the first structure of Islamic architecture. Originally a simple courtyard of palm branches and mud brick, it served as worship space, government center and school — the prototype of Islam's multifunctional mosque tradition. It was continuously expanded through Umayyad, Abbasid, Mamluk, Ottoman and Saudi periods to reach its current massive scale.","İslam'ın ilk çok işlevli cami modeli; kıble yönünün Kudüs'ten Mekke'ye değiştirildiği yer. Yeşil Kubbe Hz. Muhammed'in kabri üzerindedir.","Hz. Muhammed'in kabri burada olduğu için Hac'dan sonra en önemli ziyaret mekânıdır.","Ravza-i Mutahhara (Hz. Peygamber'in kabri) ziyareti en yoğun saatlerde uzun kuyruklar oluşturur; sabah namazı sonrası en uygun zaman.","",""
"2","Mescid-i Aksâ","Al-Aqsa Mosque","Cami","Mosque","705","Kudüs","Jerusalem","31.78","35.24","2","Abdülmelik / Velîd I","Evet","Aktif","Kritik","İslam'ın üçüncü kutsal mescidi; İsrâ ve Mi'rac","Third holiest mosque; Night Journey destination","Emevî Halifesi Abdülmelik ve oğlu Velîd döneminde inşa edilen Mescid-i Aksâ, İslam'ın üç kutsal mescidinden (Harem-i Şerîf) biridir ve Hz. Muhammed'in İsrâ ve Mi'rac mucizesinin varış noktasıdır. Harem-i Şerîf alanı Kubbetü's-Sahra, Mescid-i Aksâ ve çok sayıda yapıyı barındırır. Kudüs'ün siyasi ve manevi önemi nedeniyle İslam, Hristiyanlık ve Yahudilik için kutsal olan bu alan, tarih boyunca çatışma ve barışın odağı olmuştur.","Built during Umayyad caliphs Abd al-Malik and al-Walid's reigns, al-Aqsa is one of Islam's three holy mosques and the destination of Prophet Muhammad's Night Journey. The Haram al-Sharif compound houses the Dome of the Rock, al-Aqsa and numerous structures. Sacred to Islam, Christianity and Judaism, this area has been a focus of conflict and peace throughout history.","Erken İslam mimarisinin en önemli örneklerinden; depremlerle birçok kez yeniden inşa edildi; 5.000 kişi kapasiteli iç mekân.","İsrâ ve Mi'rac mucizesiyle İslam'ın en kutsal üçüncü mekânı; Haçlı döneminde kilise ve saray olarak kullanıldı.","Harem-i Şerîf ziyareti politik duruma göre kısıtlı olabilir; önceden bilgi alınması önerilir.","",""
"3","Kubbetü's-Sahra","Dome of the Rock","Türbe/Anıt","Shrine","691","Kudüs","Jerusalem","31.78","35.24","2","Abdülmelik b. Mervân","Evet","Aktif","Kritik","İslam'ın ilk büyük anıtsal yapısı; sekizgen plan","First major Islamic monument; octagonal plan","691'de Emevî Halifesi Abdülmelik'in inşa ettirdiği Kubbetü's-Sahra, İslam'ın ilk büyük anıtsal yapısıdır. Hz. Muhammed'in miraca yükseldiğine inanılan kutsal kaya üzerine konumlanan sekizgen planlı yapı, Bizans ve Sâsânî mimari geleneğinden devralınan teknikleri İslam estetiğiyle birleştiren bir manifestodur. Altın kubbesi ve renkli çini süslemeleri Kudüs siluetinin en tanınmış unsuru olarak bin yılı aşkın süredir durmaktadır.","The Dome of the Rock built in 691 by Umayyad Caliph Abd al-Malik is Islam's first great monumental building. Positioned over the sacred rock from which Muhammad ascended to heaven, the octagonal structure is a manifesto combining Byzantine and Sasanian techniques with Islamic aesthetics. Its golden dome and colorful tile decorations have stood as Jerusalem's most recognizable element for over a millennium.","İslam'ın ilk anıtsal yapısı; sekizgen plan Bizans martyria geleneğinden uyarlanmıştır. Yapıdaki Kur'ân kitabeleri bilinen en eski İslam yazıtlarındandır.","Emevî hilafetinin İslam kimliğini ve siyasi gücünü ilan eden ideolojik manifesto; Hristiyan Kudüs'e İslam damgası.","İçeriye giriş Müslüman olmayanlar için kısıtlıdır; dışarıdan fotoğraflamak için sabah erken saatler idealdir.","",""
"4","Emevî Camii (Şam)","Umayyad Mosque (Damascus)","Cami","Mosque","715","Şam","Damascus","33.51","36.31","2","Velîd I","Evet","Aktif","Kritik","İslam mimarisinin ilk başyapıtlarından; mozaikler","One of the first masterpieces of Islamic architecture","715'te Halife I. Velîd'in emriyle Şam'da tamamlanan Emevî Camii, Roma tapınağı ve Vaftizci Yahya Kilisesi'nin yerine inşa edilen İslam mimarisinin ilk büyük başyapıtıdır. Altın mozaikleriyle bezeli avlu duvarları cennet tasvirlerini yansıtır. Bizans zanaatkârları tarafından İslam estetik vizyonuyla oluşturulan bu mozaikler, erken İslam sanatının en değerli örnekleridir. Cami, Emevî hanedanının ihtişam iddiasının mimari ifadesidir.","Completed in 715 in Damascus by order of Caliph al-Walid I, the Umayyad Mosque was built on the site of a Roman temple and church. Its courtyard walls decorated with golden mosaics reflecting paradise depictions were created by Byzantine artisans with Islamic aesthetic vision — among the most valuable examples of early Islamic art. The mosque is the architectural expression of Umayyad dynastic grandeur.","Üç nefli plan sonraki Suriye camilerinin modeli oldu. Mozaikler İslam'da figürsüz dekoratif sanatın erken başyapıtıdır. Vaftizci Yahya'nın başının burada muhafaza edildiğine inanılır.","Müslüman-Hristiyan mekân paylaşımının tarihsel örneği; uzun süre cami ve kilise birlikte kullanıldı.","Öğle namazı vakti atmosfer en yoğundur; mozaikleri görmek için avluyu gün ışığında ziyaret edin.","",""
"5","Hırbet el-Mefcer (Hişâm Sarayı)","Khirbat al-Mafjar","Saray","Palace","743","Eriha","Jericho","31.88","35.46","2","Hişâm / II. Velîd","Hayır","Harabe","Yüksek","Emevî çöl sarayı; zengin stuko süslemeler","Umayyad desert palace; rich stucco decoration","Hişâm veya II. Velîd dönemine (743) tarihlenen Hırbet el-Mefcer, Eriha yakınlarındaki Emevî 'çöl sarayları'nın en süslüsüdür. Hamam, avlu ve kabul salonu içeren kompleks, olağanüstü stuko heykeller ve mozaiklerle bezelidir. Hayat Ağacı mozaiği İslam sanatının en erken figüratif başyapıtlarından biridir. Emevî seçkinlerinin göçebe Arap geleneği ile yerleşik saray kültürü arasındaki geçiş dönemini yansıtır.","Dated to Hisham or al-Walid II's reign (743), Khirbat al-Mafjar near Jericho is the most ornate of the Umayyad 'desert palaces.' The complex with bathhouse, courtyard and reception hall features extraordinary stucco sculptures and mosaics. The Tree of Life mosaic is one of Islamic art's earliest figurative masterpieces. It reflects the transition between nomadic Arab tradition and settled palace culture.","Emevî çöl saraylarının en zengin süsleme programına sahip olanı; stuko heykelleri İslam figüratif sanatının erken cesaretini gösterir.","Emevî aristokrasisinin av, şarap ve eğlence kültürünü yansıtan nadir arkeolojik kaynak.","Eriha'dan kısa mesafede; açık alan ziyareti olduğundan şapka ve su gerekli.","",""
"6","Kayrevan Ulu Camii","Great Mosque of Kairouan","Cami","Mosque","670","Kayrevan","Kairouan","35.68","10.1","2","Ukbe b. Nâfi","Evet","Aktif","Kritik","Kuzey Afrika'nın en eski camii; Mağrib mimarisinin modeli","Oldest mosque in North Africa; model for Maghreb architecture","670'te Ukbe b. Nâfi tarafından kurulan Kayrevan Ulu Camii, Kuzey Afrika'nın en eski camiidir ve Mağrib mimari geleneğinin modelidir. Devasa avlusu, kare planlı minaresi ve at nalı kemerleri Kuzey Afrika ve Endülüs camilerinin prototipini oluşturdu. Mihrabındaki Bağdat'tan getirilen çini paneller, erken İslam sanat ticaretinin delilidir. Kayrevan, İslam'ın dördüncü kutsal şehri olarak kabul edilir.","Founded by Uqba ibn Nafi in 670, the Great Mosque of Kairouan is North Africa's oldest mosque and model of Maghreb architecture. Its massive courtyard, square minaret and horseshoe arches created the prototype for North African and Andalusian mosques. Tile panels from Baghdad in its mihrab evidence early Islamic art trade. Kairouan is considered Islam's fourth holiest city.","Kare minare ve devasa avlu Mağrib cami tipinin kurucu örneği; Kurtuba ve diğer Endülüs camilerine model oldu.","İslam'ın Kuzey Afrika'ya yayılmasının merkez üssü; Kayrevan buradan hareketle Mağrib'in İslamlaşma sürecini yönetti.","UNESCO Dünya Mirası; şehir merkezinde yürüme mesafesinde; sabah ziyareti kalabalıktan kaçınmak için ideal.","",""
"7","Bağdat Yuvarlak Şehir","Round City of Baghdad","Şehir","City","762","Bağdat","Baghdad","33.31","44.37","3","Mansûr","Hayır","Yıkık","Kritik","Abbâsî başkenti; dairesel planlı şehir; Bâbü's-Selâm","Abbasid capital; circular city plan; Gate of Peace","762'de Halife Mansûr'un kurduğu Bağdat 'Yuvarlak Şehir', İslam tarihinin en iddialı şehircilik projesidir. Çift surla çevrili mükemmel daire planlı şehrin merkezinde halifenin sarayı ve büyük cami yer alıyordu. Dört ana kapı dört ana yöne açılarak İslam'ın evrensellik iddiasını simgeliyordu. Moğol istilasında büyük ölçüde yıkılsa da, Bağdat planlı İslam şehirciliğinin kurucu örneği olarak tarih yazımında yerini korur.","Founded in 762 by Caliph al-Mansur, Baghdad's Round City was Islamic history's most ambitious urban project. The perfectly circular city, enclosed by double walls, had the caliph's palace and great mosque at its center. Four main gates opening to cardinal directions symbolized Islam's claim to universality. Though largely destroyed by Mongols, Baghdad remains the founding example of planned Islamic urbanism in historiography.","Mükemmel daire planı antik dünyadan İslam şehirciliğine aktarılan geometrik idealizmin zirvesidir. Dört kapı Horasan, Basra, Kûfe ve Şam yönlerine açılıyordu.","İslam'ın kozmopolit evrensellik iddiasının mimari manifestosu; Abbâsî altın çağının fiziksel altyapısı.","Orijinal yapı günümüze ulaşmamıştır; ancak Bağdat'ta Abbâsî Sarayı kalıntıları ve el-Mustansırıyye Medresesi ziyaret edilebilir.","",""
"8","Sâmarrâ Ulu Camii (Melviye)","Great Mosque of Samarra","Cami","Mosque","851","Sâmarrâ","Samarra","34.21","43.88","3","Mütevekkil","Evet","Harabe","Kritik","Dünyanın en büyük camilerinden; spiral minare (Melviye)","One of world's largest mosques; spiral minaret (Malwiya)","851'de Halife Mütevekkil'in emriyle Sâmarrâ'da inşa edilen Ulu Cami, dönemin en büyük camisiydi. En dikkat çekici unsuru 52 metre yüksekliğindeki spiral Melviye minaresidir — dışarıdan sarmal rampayla tırmanılan bu yapı İslam mimarisinin en ikonik sembollerinden biridir. Antik Mezopotamya zigguratlarından esinlendiği düşünülen minare, Abbâsî gücünün ve yaratıcılığının simgesidir.","Built in 851 by order of Caliph al-Mutawakkil in Samarra, this was the era's largest mosque. Its most striking feature is the 52-meter spiral Malwiya minaret — climbed via an external helical ramp, it is one of Islamic architecture's most iconic symbols. Thought to be inspired by ancient Mesopotamian ziggurats, the minaret symbolizes Abbasid power and creativity.","Spiral Melviye minaresi İslam mimarisinde benzersizdir; Mezopotamya ziggurat geleneğiyle İslam formu arasındaki köprü. 240x156m alan dünyanın en büyük cami planlarından biriydi.","Türk gulâm askerlerinin şehri olarak kurulan Sâmarrâ'nın en gösterişli yapısı; Abbâsî ihtişamının son büyük ifadesi.","UNESCO Dünya Mirası; minarenin rampasından tırmanmak eşsiz deneyimdir; sıcak saatlerden kaçının.","",""
"9","İbn Tolun Camii","Mosque of Ibn Tulun","Cami","Mosque","879","Kahire","Cairo","30.03","31.25","25","Ahmed b. Tolun","Evet","Aktif","Kritik","Kahire'nin en eski camii; Sâmarrâ etkisi; spiral minare","Oldest mosque in Cairo; Samarra influence","879'da Tolunoğlu Ahmed'in emriyle Kahire'de inşa edilen İbn Tolun Camii, şehrin en eski camiidir. Sâmarrâ'daki Melviye minaresinden esinlenen spiral minaresi ve devasa avlusuyla Sâmarrâ etkisini Mısır'a taşır. Tuğla ve stuko teknolojisiyle inşa edilen cami, Abbâsî mimari geleneğinin Mısır'daki en güzel uygulamasıdır.","Built in 879 by order of Ahmad ibn Tulun in Cairo, this is the city's oldest mosque. With its spiral minaret inspired by Samarra's Malwiya and vast courtyard, it brings Samarra's influence to Egypt. Built with brick and stucco technology, the mosque is the finest Egyptian application of Abbasid architectural tradition.","Sâmarrâ etkisinin Mısır'a taşınması; spiral minare ve sivri kemerli revaklar. Avlu 6.500 m² ile Kahire'nin en büyük açık cami alanlarından biridir.","Tolunoğulları'nın Abbâsî'den bağımsızlaşma sürecinin mimari yansıması; Mısır'da İslam mimarisinin ilk özgün örneği.","Kahire'nin en atmosferik camilerinden; gün batımında avlunun ışık oyunu muhteşemdir.","",""
"10","el-Ezher Camii","Al-Azhar Mosque","Cami/Üniversite","Mosque/University","972","Kahire","Cairo","30.05","31.26","27","Cevher es-Sıkıllî","Evet","Aktif","Kritik","Dünyanın en eski üniversitelerinden; hâlâ faal","One of world's oldest universities; still active","970'te Fâtımî komutanı Cevher es-Sıkıllî tarafından kurulan el-Ezher Camii, dünyanın en eski faal üniversitelerinden biridir. Başlangıçta İsmâilî Şiî doktrinin yayılma merkezi olarak tasarlansa da, Eyyûbî ve Memlûk dönemlerinde Sünnî İslam'ın en prestijli eğitim kurumuna dönüştü. Bin yılı aşkın kesintisiz eğitim geleneğiyle İslam dünyasının en yetkili dini-akademik kurumudur.","Founded in 970 by Fatimid commander Jawhar, al-Azhar is one of the world's oldest active universities. Originally designed to spread Ismaili Shia doctrine, it transformed into Sunni Islam's most prestigious educational institution during Ayyubid and Mamluk periods. With over a millennium of uninterrupted teaching, it remains the Islamic world's most authoritative religious-academic institution.","İslam dünyasında kesintisiz eğitim veren en eski kurum. Farklı dönemlerde eklenen minareler ve avlular İslam mimari tarihinin katmanlı bir kronolojisini sunar.","Fâtımî'den Sünnîliğe geçişin en somut örneği; bugün hâlâ İslam dünyasının en etkili fetva otoritesi.","Cuma namazı vakitlerinde cami çok kalabalıktır; mimari detayları görmek için hafta içi sabah ziyareti önerilir.","",""
"11","el-Hâkim Camii","Al-Hakim Mosque","Cami","Mosque","1013","Kahire","Cairo","30.06","31.26","27","el-Hâkim","Evet","Aktif","Yüksek","Fâtımî mimarisinin önemli örneği","Important example of Fatimid architecture","1013'te Fâtımî Halifesi el-Hâkim'in emriyle tamamlanan el-Hâkim Camii, Fâtımî mimarisinin en büyük ölçekli örneklerinden biridir. Geniş planı ve devasa minareleri Fâtımî gücünü yansıtır. Napolyon döneminde askeri depo, sonraki yüzyıllarda okul ve müze olarak kullanıldıktan sonra 1980'lerde Daudi Bohra cemaati tarafından restore edildi.","Completed in 1013 by order of Fatimid Caliph al-Hakim, this is one of the largest-scale examples of Fatimid architecture. Its wide plan and massive minarets reflect Fatimid power. Used as military warehouse during Napoleon's era and later as school and museum, it was restored by the Daudi Bohra community in the 1980s.","Fâtımî cami mimarisinin en büyük ölçekli örneği; minareleri erken İslam savunma mimarisinin unsurlarını taşır.","Tartışmalı Halife el-Hâkim'in en kalıcı mirası; Bohra restorasyonu modern İslam mimari koruma tartışmalarının konusudur.","Bohra restorasyonu tartışmalı olsa da cami ziyarete açıktır; orijinal Fâtımî detayları hâlâ görülebilir.","",""
"12","Kurtuba Ulu Camii (Mezquita)","Great Mosque of Córdoba","Cami","Mosque","785","Kurtuba","Córdoba","37.88","-4.78","4","I. Abdurrahman","Evet","Aktif","Kritik","İslam İspanyası'nın simgesi; çift katlı kemerler; 856 sütun","Symbol of Islamic Spain; double arches; 856 columns","785'te Endülüs Emevî emîri I. Abdurrahman'ın başlattığı Kurtuba Ulu Camii, İslam İspanyası'nın simgesidir. İki yüz yıl boyunca genişletilerek 856 sütun ve çift katlı at nalı kemerleriyle eşsiz bir sütun ormanı oluşturuldu. Kırmızı-beyaz çizgili kemerler Roma su kemeri tekniğinden uyarlanmıştır. Reconquista sonrası ortasına kilise inşa edilmesine rağmen İslam karakterini korumaktadır.","Begun in 785 by Umayyad emir Abd al-Rahman I, the Great Mosque of Córdoba is the symbol of Islamic Spain. Expanded over two centuries to create a unique forest of 856 columns with double-tiered horseshoe arches. The red-white striped arches were adapted from Roman aqueduct technique. Despite a church built in its center after the Reconquista, it retains its Islamic character.","Çift katlı kemer sistemi İslam mimarisinde benzersizdir; Roma mühendisliği ile İslam estetiğinin sentezi. Mihrap önündeki çok dilimli kemerler ve mozaikler Bizans etkisi taşır.","Endülüs İslam medeniyetinin en güçlü mimari simgesi; Müslüman-Hristiyan mekân paylaşımının tarihsel katmanları.","Sabah erken saatlerde ışık sütunlar arasından geçerken en büyüleyici görüntüyü verir.","",""
"13","Medinetüzzehrâ","Madinat al-Zahra","Saray/Şehir","Palace/City","936","Kurtuba yakını","near Córdoba","37.88","-4.87","4","III. Abdurrahman","Evet","Harabe","Yüksek","Emevî saray şehri; 10.000 işçi ile inşa","Umayyad palace city; built by 10,000 workers","936'da III. Abdurrahman'ın hilafet ilan etmesinin ardından Kurtuba yakınında inşa ettirilen Medinetüzzehrâ, İslam'ın en görkemli saray şehirlerinden biriydi. Binlerce işçiyle on yılda kurulan şehir mermer, altın ve fildişiyle bezenmişti. Ancak 1010'daki iç savaşta yağmalanarak büyük ölçüde tahrip edildi. Günümüzde devam eden kazılar Endülüs Emevî ihtişamını ortaya çıkarmaktadır.","Built near Córdoba after Abd al-Rahman III's declaration of the caliphate in 936, Madinat al-Zahra was one of Islam's most magnificent palace cities. Built by thousands of workers over ten years, adorned with marble, gold and ivory. However, it was sacked and largely destroyed in the 1010 civil war. Ongoing excavations continue to reveal Andalusian Umayyad grandeur.","Teras sistemiyle yamaca kurulan planlama İslam saray mimarisinin en iddialı örneği; mermer işçiliği Endülüs zanaatının zirvesi.","Abbâsî ve Fâtımî hilafetlerine karşı Endülüs Emevî hilafetinin güç gösterisi; kısa ömürlü ihtişamın metaforu.","Kurtuba'dan 8 km; kazı alanı geniştir, rahat ayakkabı gerekli. Multimedya müzesi özellikle etkileyici.","",""
"14","el-Hamrâ Sarayı (Alhambra)","Alhambra Palace","Saray","Palace","1238","Gırnata","Granada","37.18","-3.59","7","Nasrî sultanları","Evet","Müze","Kritik","İslam sanatının en parlak eseri; Aslanlar Avlusu","Finest achievement of Islamic art; Court of the Lions","1238'den itibaren Nasrî sultanları tarafından Gırnata'da inşa edilen el-Hamrâ (Alhambra), İslam sanatının en parlak başyapıtıdır. Aslanlar Avlusu'ndaki 124 mermer sütun ve ince mukarnaslar, Comares Salonu'nun yansıma havuzu ve duvarları kaplayan geometrik stuko bezemelar İslam dekoratif sanatının insanlığa sunduğu en rafine eserlerdir. Su, ışık ve geometrinin mükemmel uyumunu yakalayan Alhambra, Endülüs'ün son İslam devletinin vedâ armağanıdır.","Built from 1238 onward by Nasrid sultans in Granada, the Alhambra is Islamic art's most brilliant masterpiece. The 124 marble columns and fine muqarnas of the Court of the Lions, the reflection pool of Comares Hall, and geometric stucco decorations covering every wall are the most refined works Islamic decorative art has offered humanity. Capturing the perfect harmony of water, light and geometry, the Alhambra is the farewell gift of Andalusia's last Islamic state.","Mukarnaslar, geometrik stuko, kaligrafi ve su kullanımının mükemmel senteziyle İslam dekoratif sanatının zirvesi. Her yüzey süslü olmakla birlikte aşırıya kaçmayan denge ustaca korunur.","Endülüs İslam medeniyetinin son ve en parlak eseri; 1492 düşüşü öncesi İslam İspanyası'nın vedâ anıtı.","Online bilet alımı zorunludur; Nasrî Sarayları için ayrı zaman dilimi vardır. Gün batımı ziyareti en etkileyici deneyimdir.","",""
"15","Kutubiye Camii","Koutoubia Mosque","Cami","Mosque","1162","Merakeş","Marrakesh","31.62","-7.99","15","Abdülmü'min","Evet","Aktif","Yüksek","Muvahhid mimarisinin başyapıtı; Giralda ve Hassan Kulesi'ne model","Almohad masterpiece; model for Giralda and Hassan Tower","1162'de Muvahhid halifesi Abdülmü'min'in emriyle inşa edilen Kutubiye Camii, Merakeş'in simgesidir. 77 metre yüksekliğindeki minaresi Mağrib minare geleneğinin en güzel örneğidir ve İşbiliye'deki Giralda ile Rabat'taki Hassan Kulesi'ne model olmuştur. Kare planlı minare, geometrik süslemeleri ve kemerli pencereleriyle Muvahhid mimarisinin sadelik ve görkemi birleştiren estetiğini yansıtır.","Built in 1162 by Almohad caliph Abd al-Mu'min, the Koutoubia is Marrakesh's symbol. Its 77-meter minaret is the finest example of Maghreb minaret tradition and served as model for Seville's Giralda and Rabat's Hassan Tower. The square-planned minaret with geometric decoration and arched windows reflects the Almohad aesthetic combining simplicity and grandeur.","Kare minare formu Mağrib İslam mimarisinin imza unsuru; Giralda ve Hassan Kulesi'nin doğrudan ilham kaynağı.","Muvahhid reform hareketinin sadelik ideolojisinin mimari yansıması; Mağrib İslam kimliğinin simgesi.","Jemaa el-Fna meydanından yürüme mesafesinde; gün batımında minare silueti en güzel görüntüyü verir.","",""
"16","Hassan Kulesi","Hassan Tower","Minare","Minaret","1195","Rabat","Rabat","34.02","-6.82","15","Ya'kūb el-Mansûr","Evet","Tamamlanmamış","Yüksek","Tamamlanmamış dev minare; 44m yüksekliğinde","Unfinished giant minaret; 44m tall","1195'te Muvahhid halifesi Ya'kūb el-Mansûr'un emriyle Rabat'ta inşaatına başlanan Hassan Kulesi, tamamlanmamış bir dev minaredir. Planlanan 86 metrelik yüksekliğin yalnızca 44 metresi tamamlanabildi — halifenin ölümü inşaatı durdurdu. Yanındaki caminin 348 sütunundan yalnızca kütükleri ayakta kalmıştır. Tamamlanmamışlığı paradoksal biçimde yapıyı daha etkileyici ve romantik kılar.","Begun in 1195 by Almohad caliph Yaqub al-Mansur in Rabat, the Hassan Tower is an unfinished giant minaret. Only 44 of the planned 86 meters were completed — the caliph's death halted construction. Only the stumps of the mosque's 348 columns remain standing. Its incompleteness paradoxically makes the structure more impressive and romantic.","Tamamlansaydı İslam dünyasının en büyük camii ve en yüksek minaresi olacaktı; Muvahhid mimari hırsının en uç örneği.","Muvahhid İmparatorluğu'nun aşırı hırsının ve kısa ömrünün metaforu; bugün Fas'ın ulusal sembollerinden.","Karşısındaki Muhammed V Türbesi ile birlikte ziyaret edilmeli; sütun kalıntıları arasında yürümek etkileyici.","",""
"17","İsfahan Cuma Camii","Isfahan Friday Mosque","Cami","Mosque","1088","İsfahan","Isfahan","32.67","51.68","91","Nizâmülmülk / Tâcülmülk","Evet","Aktif","Kritik","İslam mimarisinin ansiklopedisi; dört eyvanlı plan","Encyclopedia of Islamic architecture; four-iwan plan","1088'den itibaren Selçuklu döneminde yeniden tasarlanan İsfahan Cuma Camii, İslam mimarisinin ansiklopedisidir. İçinde Selçuklu, İlhanlı, Timurlu, Safevî ve Kaçar dönemlerinin izleri bir arada bulunur. Nizâmülmülk ve rakibi Tâcülmülk'ün yarışarak yaptırdığı iki kubbe İslam kubbe mühendisliğinin erken başyapıtlarıdır. Dört eyvanlı avlu planı İran camilerinin standart modeli haline geldi.","Redesigned from 1088 onward during the Seljuk period, the Isfahan Friday Mosque is an encyclopedia of Islamic architecture. It contains traces of Seljuk, Ilkhanid, Timurid, Safavid and Qajar periods together. The two domes built by competing viziers Nizam al-Mulk and Taj al-Mulk are early masterpieces of Islamic dome engineering. The four-iwan courtyard plan became the standard model for Iranian mosques.","Dört eyvanlı plan İran cami tipinin kurucu örneği; Nizâmülmülk kubbesi erken tuğla kubbe mühendisliğinin başyapıtı. Bin yıllık mimari katmanlar tek yapıda görülebilir.","Selçuklu vezirler arası rekabetin mimari yansıması; İran İslam mimarisinin evrimini tek yapıda izleme imkânı sunar.","UNESCO Dünya Mirası; farklı dönem kubbeleri karşılaştırmalı incelenebilir; rehberli tur önerilir.","",""
"18","Kudüs Salâhaddîn Eserleri","Saladin's Jerusalem Works","Kale/Cami","Citadel/Mosque","1187","Kudüs","Jerusalem","31.78","35.23","30","Salâhaddîn","Evet","Aktif","Yüksek","Kudüs'ün İslami restorasyonu; medreseler","Islamic restoration of Jerusalem; madrasas","1187'de Kudüs'ü geri alan Salâhaddîn, şehrin İslami kimliğini restore etmek için kapsamlı imar çalışmaları başlattı. Haçlı döneminde kilise ve saray olarak kullanılan yapılar yeniden camiye dönüştürüldü, yeni medreseler ve hankâhlar inşa edildi. Kudüs Kalesi (Kule-i Davud) güçlendirildi. Salâhaddîn'in Kudüs eserleri, şehrin İslam karakterinin yeniden tesisi olarak hem askeri hem kültürel bir restorasyondur.","After retaking Jerusalem in 1187, Saladin launched comprehensive reconstruction to restore the city's Islamic identity. Buildings used as churches and palaces during the Crusader period were reconverted to mosques, new madrasas and khanqahs were built. The Jerusalem Citadel was reinforced. Saladin's works represent both military and cultural restoration reestablishing the city's Islamic character.","Haçlı döneminde değiştirilen yapıların İslami restorasyonu; Eyyûbî medrese ve hankâh mimarisinin Kudüs'teki örnekleri.","Kudüs'ün İslami kimliğinin restorasyonu; Salâhaddîn'in hoşgörü politikasının fiziksel kanıtları.","Eski Şehir'deki Eyyûbî eserleri dağınıktır; kapsamlı tur için yarım gün ayırın.","",""
"19","Sultan Hasan Camii","Sultan Hassan Mosque","Cami/Medrese","Mosque/Madrasa","1356","Kahire","Cairo","30.03","31.26","31","Sultan Hasan","Evet","Aktif","Kritik","Memlûk mimarisinin başyapıtı; dört mezhep medresesi","Mamluk masterpiece; four-school madrasa","1356'da Sultan Hasan'ın emriyle Kahire'de inşa edilen Sultan Hasan Camii ve Medresesi, Memlûk mimarisinin başyapıtıdır. 36 metre yüksekliğindeki portal İslam dünyasının en büyüklerinden biridir. Dört mezhep için ayrı medrese bölümleri içeren yapı, İslam eğitim mimarisinin en gelişmiş örneğidir. Devasa ölçeği ve mühendislik cesareti ile İslam mimarisinin en iddialı tek yapılarından biridir.","Built in 1356 by order of Sultan Hasan in Cairo, this mosque and madrasa is the masterpiece of Mamluk architecture. Its 36-meter portal is one of the largest in the Islamic world. Containing separate madrasa sections for four legal schools, it is the most advanced example of Islamic educational architecture. With its massive scale and engineering daring, it is one of Islamic architecture's most ambitious single buildings.","36m portal İslam dünyasının en büyüklerinden; dört mezhep medresesi tek yapıda. Mukarnas işçiliği Memlûk zanaatının zirvesini temsil eder.","Memlûk askeri aristokrasisinin mimari gücünün en açık göstergesi; inşaat masrafları devlet bütçesini zorladı.","Karşısındaki er-Rifâî Camii ile birlikte panoramik fotoğraf mümkün; iç mekân akustiği etkileyicidir.","",""
"20","Kayıtbay Külliyesi","Qaitbay Complex","Külliye","Complex","1474","Kahire","Cairo","30.05","31.28","31","Kayıtbay","Evet","Aktif","Yüksek","Geç Memlûk mimarisinin incisi","Gem of late Mamluk architecture","1474'te Sultan Kayıtbay'ın emriyle Kahire'nin kuzey mezarlık bölgesinde inşa edilen külliye, geç Memlûk mimarisinin en zarif örneğidir. Cami, medrese, sebîl-küttâb ve türbeyi kompakt bir planda birleştiren yapı, Memlûk taş işçiliğinin ve geometrik süslemenin en rafine halini sunar. Kubbe üzerindeki yıldız deseni İslam geometrik sanatının en karmaşık örneklerinden biridir.","Built in 1474 by order of Sultan Qaitbay in Cairo's northern cemetery, this complex is the most elegant example of late Mamluk architecture. Combining mosque, madrasa, sabil-kuttab and mausoleum in a compact plan, it presents the most refined form of Mamluk stonework and geometric decoration. The star pattern on its dome is one of the most complex examples of Islamic geometric art.","Kompakt planda çok işlevli külliye tasarımının en zarif örneği; kubbe üzerindeki oyma yıldız deseni taş işçiliğinin zirvesi.","Memlûk sultanlarının ölüm sonrası hayır kurumu geleneğinin en güzel mimari ifadesi.","Kahire'nin 'Ölüler Şehri' bölgesinde; muhteşem kubbe deseni dışarıdan da görülebilir.","",""
"21","Divriği Ulu Camii ve Dârüşşifâsı","Divriği Great Mosque and Hospital","Cami/Hastane","Mosque/Hospital","1228","Divriği","Divriği","39.37","38.12","93","Ahmed Şah","Evet","Aktif","Kritik","UNESCO; eşsiz taş işçiliği; portal süslemeleri","UNESCO; unique stonework; portal decorations","Divriği Ulu Camii ve Dârüşşifâsı, 1228'de Mengücekli beyi Ahmed Şah tarafından Sivas'ın Divriği ilçesinde inşa ettirilen eşsiz yapıdır. Üç giriş portalındaki taş oyma süslemeler İslam sanatında benzersiz bir üslup oluşturur — ne tamamen geometrik ne tamamen bitkisel, fantastik ve organik formlarıyla hiçbir İslam yapısına benzemeyen bir estetik. Anadolu'dan UNESCO Dünya Mirası'na alınan ilk yapıdır.","The Divriği Great Mosque and Hospital, built by Mengujekid ruler Ahmad Shah in 1228 in Sivas, is a unique structure. The stone carvings on its three entrance portals create an unparalleled style in Islamic art — neither purely geometric nor purely vegetal, with fantastic organic forms unlike any other Islamic building. It was the first structure from Anatolia inscribed on the UNESCO World Heritage List.","Üç portalın her birinde tamamen farklı taş oyma programı. Kuzey portalının 'Hayat Ağacı' motifi, güney portalının 3D barok-benzeri kabartmaları eşsiz. İç mekânda ışık oyunları tasarımın parçası.","Mengücekli Beyliği'nin Anadolu'daki son büyük eseri; Moğol istilası öncesi Anadolu taş işçiliğinin doruk noktası.","Sivas'tan 170 km uzaklıkta; ulaşım zor ama portalları görmek her şeye değer. Fotoğraf için öğle güneşi en iyi ışığı verir.","",""
"22","Selimiye Camii","Selimiye Mosque","Cami","Mosque","1574","Edirne","Edirne","41.68","26.56","130","II. Selim / Mimar Sinan","Evet","Aktif","Kritik","Mimar Sinan'ın başyapıtı; 31.3m kubbe çapı","Sinan's masterpiece; 31.3m dome diameter","Selimiye Camii, 1574'te Mimar Sinan tarafından Edirne'de tamamlanan ve bizzat ustanın 'başyapıtım' (ustalık eserim) dediği İslam mimarisinin zirvesidir. 31,3 metrelik kubbe çapıyla Ayasofya'yı aşan Sinan, sekiz destekli strüktürel sistemle kubbeyi dört duvar üzerine oturtarak iç mekânda kesintisiz bir birlik alanı yarattı. Dört ince minaresi Osmanlı siluetinin en zarif unsurlarıdır.","The Selimiye Mosque, completed by Mimar Sinan in Edirne in 1574 and called by the master himself 'my masterwork,' is the pinnacle of Islamic architecture. With a 31.3-meter dome diameter surpassing Hagia Sophia, Sinan created an uninterrupted unity of space by resting the dome on four walls through an eight-support structural system. Its four slender minarets are the most elegant elements of the Ottoman silhouette.","31,3m kubbe çapı sekiz fil ayağı üzerine oturur. Dört minare 83m yüksekliğinde, her birinde üç şerefe. İç mekânda tek kubbeli kesintisiz alan hissi Sinan'ın en büyük başarısı.","Sultan II. Selim'in emriyle Mimar Sinan'ın 80'li yaşlarında gerçekleştirdiği; Ayasofya'yı aşma hedefinin nihai gerçekleşmesi.","Edirne merkezinde; iç mekânı deneyimlemek için öğle namazı sonrası sessiz saatlerde ziyaret önerilir. Türk İslam Eserleri Müzesi alt kattadır.","28","36"
"23","Süleymaniye Camii","Süleymaniye Mosque","Külliye","Complex","1557","İstanbul","Istanbul","41.02","28.96","130","Kanuni / Mimar Sinan","Evet","Aktif","Kritik","Osmanlı mimarisinin zirvesi; 7 yılda inşa","Pinnacle of Ottoman architecture; built in 7 years","Süleymaniye Camii, 1557'de Mimar Sinan tarafından İstanbul'da tamamlanan Osmanlı mimarisinin en kapsamlı külliyesidir. Cami, dört medrese, hamam, hastane, aşevi (imaret), kütüphane ve dükkânlardan oluşan dev kompleks, Osmanlı sosyal devlet anlayışının mimari manifestosudur. İstanbul'un yedi tepesinden birinin zirvesine kurulan Süleymaniye, Haliç siluetinin tanımlayıcı unsurudur.","The Süleymaniye Mosque, completed by Mimar Sinan in Istanbul in 1557, is the most comprehensive Ottoman külliye. The vast complex of mosque, four madrasas, bathhouse, hospital, soup kitchen, library, and shops is the architectural manifesto of the Ottoman social state concept. Built atop one of Istanbul's seven hills, the Süleymaniye defines the Golden Horn skyline.","Ana kubbe 53m yüksekliğinde, 26,5m çapında; yarım kubbeler ve tonozlar kademeli geçiş oluşturur. Akustik tasarım mükemmel. Avluda Kanuni ve Hürrem Sultan türbeleri.","Kanuni Sultan Süleyman'ın Osmanlı İmparatorluğu'nun zirvesini mimari olarak ölümsüzleştirme projesi.","İstanbul'un en huzurlu cami avlularından; Haliç manzarası için avlunun kuzey kenarı ideal. Mimar Sinan'ın mütevazı türbesi külliyenin köşesinde.","28","36"
"24","Sultan Ahmed Camii (Mavi Cami)","Sultan Ahmed Mosque (Blue Mosque)","Cami","Mosque","1616","İstanbul","Istanbul","41.01","28.98","130","I. Ahmed","Evet","Aktif","Kritik","6 minareli; 20.000+ İznik çinisi","6 minarets; 20,000+ Iznik tiles","Sultan Ahmed Camii (Mavi Cami), 1616'da İstanbul'da tamamlanan ve 20.000'den fazla İznik çinisiyle süslenen altı minareli görkemli camidir. Çinilerdeki mavi tonlar yapıya 'Mavi Cami' adını kazandırmıştır. Altı minare inşa edilmesi döneminde tartışma yaratmıştı — o güne kadar yalnızca Mekke'deki Mescid-i Harâm'ın altı minaresi vardı; mesele Mescid-i Harâm'a yedinci minare eklenerek çözüldü.","The Sultan Ahmed Mosque (Blue Mosque), completed in Istanbul in 1616, is a magnificent mosque adorned with over 20,000 Iznik tiles and six minarets. The blue tones in the tiles earned it the name 'Blue Mosque.' The construction of six minarets was controversial — until then only the Masjid al-Haram in Mecca had six; the issue was resolved by adding a seventh minaret to Mecca.","20.000+ İznik çinisi mavi, yeşil ve beyaz tonlarda. Altı minare — dördü üç şerefeli, ikisi iki şerefeli. Kaskad kubbe sistemi Sinan geleneğini devam ettirir.","Sultan I. Ahmed'in Osmanlı-Habsburg barışından sonra savaş ganimetleri yerine mimari eserle güç gösterme tercihi.","Ayasofya'nın tam karşısında; sabah erken saatlerde iç mekân ışığı çinilerdeki mavi tonları en güzel yansıtır. Giriş namaz saatleri dışında turistlere açık.","",""
"25","Topkapı Sarayı","Topkapi Palace","Saray","Palace","1478","İstanbul","Istanbul","41.01","28.98","130","Fatih Sultan Mehmed","Evet","Müze","Kritik","400 yıl Osmanlı yönetim merkezi; kutsal emanetler","Ottoman administrative center for 400 years; holy relics","Topkapı Sarayı, 1478'den itibaren dört yüz yıldan fazla Osmanlı İmparatorluğu'nun yönetim merkezi olarak kullanılan devasa saray kompleksidir. Fatih Sultan Mehmed tarafından İstanbul'un fethinden sonra inşa ettirilen saray, Marmara Denizi, Boğaziçi ve Haliç'in birleştiği stratejik noktada konumlanır. İç hazine, Harem, kutsal emanetler (Hz. Muhammed'in hırkası ve kılıcı dahil) ve dört avlulu organik büyüme planıyla İslam saray mimarisinin en özgün örneklerinden biridir.","Topkapi Palace was the administrative center of the Ottoman Empire for over four hundred years from 1478. Built by Sultan Mehmed the Conqueror after Istanbul's conquest, the palace is positioned at the strategic point where the Sea of Marmara, Bosphorus, and Golden Horn meet. With its inner treasury, Harem, holy relics (including Muhammad's cloak and sword), and four-courtyard organic growth plan, it is one of the most original examples of Islamic palace architecture.","Dört avlulu organik plan — her avlu farklı işlev: törensel, idari, özel, kutsal. Harem 400 odadan oluşan labirent. Bağdat ve Revan köşkleri İznik çinileriyle bezeli.","Fatih Sultan Mehmed'in İstanbul'u fethettikten sonra yeni başkentin yönetim merkezini oluşturma projesi; 19. yüzyıla kadar kullanıldı.","İstanbul'un en çok ziyaret edilen müzesi; Harem bölümü ayrı bilet gerektirir. Kutsal emanetler bölümü en yoğun alan; erken sabah önerilir.","",""
"26","Registan Meydanı","Registan Square","Meydan/Medrese","Square/Madrasa","1420","Semerkant","Samarkand","39.65","66.98","144","Uluğ Bey","Evet","Müze","Kritik","Orta Asya'nın kalbi; üç medrese; çini sanatı","Heart of Central Asia; three madrasas; tile art","Registan Meydanı, Timurlu hükümdarı Uluğ Bey döneminden başlayarak şekillenen ve Orta Asya İslam mimarisinin en görkemli meydanıdır. Üç büyük medrese — Uluğ Bey (1420), Şîrdâr (1636) ve Tillâkârî (1660) — meydanın üç tarafını çevreler. Devasa giriş eyvanları, çini mozaikleri ve geometrik süslemeleri İslam çini sanatının en parlak örnekleridir. Semerkant'ın ve tüm Orta Asya'nın sembolüdür.","Registan Square, shaped from the Timurid ruler Ulugh Beg's era onward, is the most magnificent square in Central Asian Islamic architecture. Three great madrasas — Ulugh Beg (1420), Sher-Dor (1636), and Tilla-Kari (1660) — frame three sides of the square. Their massive entrance iwans, tile mosaics, and geometric decorations are the most brilliant examples of Islamic tile art. It is the symbol of Samarkand and all Central Asia.","Üç medresenin simetrik düzeni meydana anıtsal karakter verir. Şîrdâr'daki aslan-kaplan figürleri İslam'ın figüratif yasağının esnetilmesinin nadir örneği. Tillâkârî'nin altın iç kubbesi göz kamaştırıcı.","Uluğ Bey'in Semerkant'ı bilim ve sanat merkezi yapma vizyonunun mimari ifadesi; sonraki iki medrese Şeybanî dönemi ekleri.","Semerkant'ın kalbinde; gece aydınlatma gösterisi yapılıyor. Uluğ Bey Medresesi'nin eyvanından içeri bakış etkileyici.","26",""
"27","Gûr-ı Emîr (Timur Türbesi)","Gur-e-Amir","Türbe","Mausoleum","1404","Semerkant","Samarkand","39.65","66.96","144","Timur","Evet","Müze","Kritik","Timur ve soyunun türbesi; çift kubbeli yapı","Tomb of Timur and descendants; double-dome structure","Gûr-ı Emîr (Timur Türbesi), 1404'te Semerkant'ta inşa edilen Timur ve soyunun türbesidir. Soğanlı çift kubbe yapısı Timurlu mimarisinin en tanınmış formu olarak Bâbürlü Hindistan'daki Hümâyûn Türbesi ve Tâc Mahal'e doğrudan ilham kaynağı olmuştur. İç mekânda altın ve lacivert tonlu fresk ve mukarnas süslemeler İslam dekoratif sanatının en ince örneklerindendir. Timur'un yeşim (nefrit) mezar taşı dünyanın en büyük yeşim bloğudur.","Gur-e Amir (Tomb of Timur), built in Samarkand in 1404, is the mausoleum of Timur and his descendants. Its onion-shaped double dome became the most recognizable form of Timurid architecture, directly inspiring the Humayun Tomb and Taj Mahal in Mughal India. The interior's gold and lapis lazuli frescoes and muqarnas decorations are among the finest examples of Islamic decorative art. Timur's jade tombstone is the world's largest jade block.","Çift kubbe — dış kubbe soğan formu, iç kubbe düz. Dış yüzey turkuaz çini mozaik. İç mekânda altın yaldızlı mukarnas ve geometrik süslemeler.","Timur'un torunu Muhammed Sultan'ın ölümü üzerine başlanan türbe, Timur'un kendi ölümüyle asıl amacına kavuştu.","Semerkant merkezinde; iç mekân restorasyonu tartışmalı ama kubbe altındaki akustik etkileyici.","",""
"28","Nakş-ı Cihan Meydanı","Naqsh-e Jahan Square","Meydan","Square","1598","İsfahan","Isfahan","32.66","51.68","148","Şah Abbas I","Evet","Aktif","Kritik","Dünyanın en büyük meydanlarından; Şah Camii, Ali Kapu","One of world's largest squares; Shah Mosque, Ali Qapu","Nakş-ı Cihan Meydanı, 1598'de Safevî Şah Abbas tarafından İsfahan'da inşa ettirilen ve 'Dünyanın Yarısı' olarak anılan devasa meydan, İslam şehirciliğinin en görkemli bütünsel tasarımıdır. Meydanın dört tarafını Şah Camii (İmam Camii), Şeyh Lütfullah Camii, Âlî Kapu Sarayı ve Kayseri-i Büzürg çarşısı çevreler. Her yapı farklı işlevi (dini, siyasi, ticari) temsil ederek İslam şehrinin ideal modelini oluşturur.","Naqsh-e Jahan Square, built by Safavid Shah Abbas in Isfahan in 1598 and known as 'Half the World,' is the most magnificent holistic design in Islamic urbanism. Four structures frame the square: Shah Mosque (Imam Mosque), Sheikh Lotfollah Mosque, Ali Qapu Palace, and the Grand Bazaar. Each represents a different function (religious, political, commercial), forming the ideal model of an Islamic city.","Meydan 512x163m boyutlarında. Şah Camii kıble açısı nedeniyle meydanla 45° açı yaparak mimari çözümün ustalığını gösterir. Şeyh Lütfullah'ın kubbesindeki tavuskuşu ışık oyunu eşsiz.","Şah Abbas'ın başkenti Kazvin'den İsfahan'a taşıyarak İsfahan'ı İslam dünyasının en görkemli şehrine dönüştürme projesi.","İsfahan'ın kalbi; meydanda çay içerek tüm yapıları seyretmek en güzel deneyim. Şeyh Lütfullah Camii'ne gün batımı ışığında girilmeli.","34",""
"29","Şah Camii (İmam Camii)","Shah Mosque (Imam Mosque)","Cami","Mosque","1629","İsfahan","Isfahan","32.66","51.68","148","Şah Abbas I","Evet","Aktif","Kritik","Safevî mimarisinin başyapıtı; çini mozaikler","Safavid masterpiece; tile mosaics","Şah Camii (İmam Camii), 1629'da İsfahan'da Şah Abbas döneminde tamamlanan Safevî mimarisinin başyapıtıdır. Nakş-ı Cihan Meydanı'nın güneyinde yer alan caminin giriş eyvanı meydana bakarken iç yapı kıble yönüne 45° döndürülmüştür — bu mimari problem Safevî mühendislerin ustalıkla çözdüğü bir başarıdır. Turkuaz ve lacivert çini mozaikleri İran çini sanatının en mükemmel örnekleridir.","The Shah Mosque (Imam Mosque), completed in Isfahan during Shah Abbas's reign in 1629, is the masterpiece of Safavid architecture. Located on the south side of Naqsh-e Jahan Square, the mosque's entrance iwan faces the square while the inner structure rotates 45° toward Mecca — an architectural problem masterfully solved by Safavid engineers. Its turquoise and lapis lazuli tile mosaics are the most perfect examples of Iranian tile art.","45° döndürme problemi giriş eyvanı ile ana yapı arasında geçiş koridoruyla çözüldü. Çifte kubbe yapısı; dış kubbe 52m yüksekliğinde. İç mekânda akustik tek bir el çırpmayla yedi eko üretir.","Şah Abbas'ın İsfahan'ı dünya başkentine dönüştürme vizyonunun dini merkez bileşeni.","Kubbe altında el çırparak akustik deneyin yapılması gelenekselleşmiş; çini detayları için dürbün faydalı.","34",""
"30","Kutub Minar","Qutb Minar","Minare","Minaret","1199","Delhi","Delhi","28.52","77.19","160","Kutbüddîn Aybeg","Evet","Müze","Kritik","Dünyanın en yüksek tuğla minaresi; 72.5m","World's tallest brick minaret; 72.5m","Kutub Minar, 1199'da Delhi Sultanlığı'nın kurucusu Kutbüddîn Aybeg tarafından başlatılan dünyanın en yüksek tuğla minaresidir (72,5m). Beş kademeli yapı aşağıdan yukarıya daralan konik formda, her kademe farklı süsleme programına sahiptir. İlk üç kademe kırmızı kumtaşı, üst iki kademe mermer ve kumtaşı karışımıdır. Yanındaki Kuvvetü'l-İslam Camii Hindistan'ın ilk camisidir.","Qutb Minar, begun by Delhi Sultanate founder Qutbuddin Aibak in 1199, is the world's tallest brick minaret at 72.5m. The five-story structure has a tapering conical form, each level with different decoration. The first three stories are red sandstone; the upper two mix marble and sandstone. The adjacent Quwwat al-Islam Mosque is India's first mosque.","Beş kademe, her biri farklı yivli ve yazıtlı. Alt çap 14,3m, üst çap 2,75m. Arapça kitabeler ve Hindu-İslam sentezi süslemeler alt kademelerde.","Delhi Sultanlığı'nın kuruluşunu ve İslam'ın Hindistan'daki siyasi zaferini simgeleyen zafer minaresi olarak inşa edildi.","Delhi'nin güney kesiminde; Mehrauli arkeolojik parkı içinde Hindu-İslam mimari etkileşiminin birçok örneği birlikte görülebilir.","",""
"31","Tâc Mahal","Taj Mahal","Türbe","Mausoleum","1643","Agra","Agra","27.17","78.04","175","Şah Cihan","Evet","Müze","Kritik","Dünyanın yedi harikasından; Mümtâz Mahal için","One of Seven Wonders; built for Mumtaz Mahal","Tâc Mahal, 1643'te Bâbürlü hükümdarı Şah Cihan tarafından eşi Mümtâz Mahal'in anısına Agra'da inşa ettirilen dünyanın en tanınmış anıtsal yapısıdır. Beyaz mermer üzerine yarı değerli taşlarla kakma (pietra dura) tekniğiyle süslenen türbe, İslam mimarisi, Fars bahçe geleneği ve Hint zanaatkârlığının mükemmel sentezini temsil eder. Simetrik bahçe planı cennet imgesidir ve yapının Yamuna Nehri'ndeki yansıması tasarımın parçasıdır.","The Taj Mahal, built in Agra in 1643 by Mughal ruler Shah Jahan in memory of his wife Mumtaz Mahal, is the world's most recognized monumental building. The mausoleum, decorated with semi-precious stone inlay (pietra dura) technique on white marble, represents the perfect synthesis of Islamic architecture, Persian garden tradition, and Indian craftsmanship. The symmetrical garden plan represents paradise, and the building's reflection in the Yamuna River is part of the design.","Beyaz mermer üzerine 28 çeşit yarı değerli taş kakma. Çift kubbe — dış kubbe 73m yüksekliğinde. Dört köşedeki minareler hafifçe dışa eğik (depremde türbeye devrilmemesi için). Akustik kubbe altında 28 saniye eko.","Şah Cihan'ın eşi Mümtâz Mahal'in 14. doğumunda ölümü üzerine yirmi yıl süren anıtsal yas projesi.","Agra'da; gün doğumu en ikonik görüntüyü sunar. Cuma günleri kapalı. Yamuna'nın karşı kıyısından (Mehtab Bagh) manzara da görülmeli.","35",""
"32","Fatihpûr Sikri","Fatehpur Sikri","Şehir","City","1571","Fatihpûr Sikri","Fatehpur Sikri","27.09","77.66","175","Ekber Şah","Evet","Harabe/Müze","Kritik","Ekber'in inşa ettiği başkent; 14 yıl kullanıldı","Capital built by Akbar; used for 14 years","Fatihpûr Sikri, 1571'de Bâbürlü İmparatoru Ekber tarafından inşa ettirilen ve yalnızca 14 yıl başkent olarak kullanılan hayalet şehirdir. Ekber'in dini hoşgörü vizyonunu yansıtan İbadethane (İbadet Evi), Büyük Cuma Camii'nin devasa Büland Darvaza'sı (53,6m — İslam'ın en yüksek portalı) ve karma mimari üslup Hindu, İslam ve Hristiyan motiflerini birleştirir. Su kıtlığı nedeniyle terk edilen şehir mükemmel korunmuş bir açık hava müzesidir.","Fatehpur Sikri, built by Mughal Emperor Akbar in 1571 and used as capital for only 14 years, is a ghost city. Reflecting Akbar's vision of religious tolerance, the Ibadat Khana (House of Worship), the Great Friday Mosque's massive Buland Darwaza (53.6m — Islam's tallest portal), and hybrid style combine Hindu, Islamic, and Christian motifs. Abandoned due to water scarcity, the city is a perfectly preserved open-air museum.","Büland Darvaza 53,6m yüksekliğinde zafer kapısı. Panch Mahal beş katlı açık sütunlu yapı Hindu-Budist etkili. Diwan-ı Khas'taki merkezi sütun Ekber'in farklı dinlerle diyalog mekanı.","Ekber'in Sufi azizi Şeyh Selîm Çiştî'nin kehaneti üzerine oğlunun doğduğu yerde başkent kurma kararı.","Agra'dan 40 km; Tâc Mahal ile aynı gün ziyaret edilebilir. Şeyh Selîm Çiştî türbesinin beyaz mermer kafes işçiliği olağanüstü.","36",""
"33","Gol Gumbaz","Gol Gumbaz","Türbe","Mausoleum","1656","Bijapur","Bijapur","16.83","75.74","165","II. Muhammed Âdilşâh","Evet","Müze","Yüksek","Dünyanın en büyük ikinci kubbesi (44m); akustik odası","World's second largest dome (44m); whispering gallery","Gol Gumbaz, 1656'da Bijapur'da (Güney Hindistan) II. Muhammed Âdilşâh için inşa edilen devasa türbedir. 44 metre çapındaki kubbesi Roma Pantheon'undan sonra dünyanın en büyük ikinci taş kubbesidir. En dikkat çekici özelliği 'fısıltı galerisi' — kubbenin iç çeperindeki dairesel balkonda yapılan en hafif fısıltı karşı taraftan net olarak duyulur.","Gol Gumbaz, built in Bijapur (South India) for Muhammad Adil Shah II in 1656, is a massive mausoleum. Its 44-meter dome diameter is the world's second largest stone dome after the Roman Pantheon. Its most striking feature is the 'whispering gallery' — the slightest whisper on the circular balcony inside the dome is clearly heard from the opposite side.","Kare tabanlı yapı üzerinde dairesel tambur ve devasa kubbe. Dört köşede yonca planlı kuleler. Kubbe iç çeperinde akustik galeri fizik mühendisliğinin olağanüstü başarısı.","Dekkan'ın bağımsız İslam sultanlıklarının mimari ihtiraslarını ve Osmanlı/Bâbürlü etkisinden bağımsız yerel üsluplarını yansıtır.","Bijapur (şimdi Vijayapura) merkezinde; kubbe içi fısıltı deneyi için sessiz an beklenmeli.","",""
"34","Demak Ulu Camii","Great Mosque of Demak","Cami","Mosque","1479","Demak","Demak","-6.89","110.64","183","Raden Patah","Hayır","Aktif","Yüksek","Java'nın en eski camilerinden; Vali Sanga'nın eseri","One of Java's oldest mosques; by Wali Sanga","Demak Ulu Camii, Java'nın en eski camilerinden biri olarak 1479'da Demak Sultanlığı'nın kurucusu Raden Patah tarafından inşa ettirilmiştir. İslam'ı Java'ya yayan Vali Sanga (Dokuz Evliya) geleneğiyle bağlantılı yapı, geleneksel Cava mimarisini İslam ibadet işlevleriyle birleştiren benzersiz formuyla Güneydoğu Asya İslam mimarisinin prototipini oluşturur.","The Great Mosque of Demak, one of Java's oldest mosques, was built by Demak Sultanate founder Raden Patah in 1479. Connected to the Wali Sanga (Nine Saints) tradition who spread Islam to Java, the building created the prototype of Southeast Asian Islamic architecture with its unique form combining traditional Javanese architecture with Islamic worship functions.","Üç kademeli piramidal çatı yapısı Hindu-Budist Cava tapınak geleneğinden uyarlanmış. Taş veya tuğla kubbe yerine ahşap çatı Güneydoğu Asya'nın tropik iklimine uygun çözüm.","Vali Sanga'nın Java'da İslam'ı yerel kültürle sentezleyerek yaydığı sürecin mimari ifadesi.","Semarang'dan 30 km; Java'nın İslam tarihini anlamak için önemli başlangıç noktası.","41",""
"35","Baiturrahman Camii","Baiturrahman Grand Mosque","Cami","Mosque","1612","Banda Aceh","Banda Aceh","5.55","95.32","184","İskender Muda","Hayır","Aktif","Yüksek","Açe Sultanlığı'nın simgesi","Symbol of Aceh Sultanate","Baiturrahman Camii, 1612'de Açe Sultanlığı'nın hükümdarı İskender Muda döneminde Banda Aceh'te inşa edilen ve Güneydoğu Asya İslam'ının en önemli simgelerinden biri olan camidir. Hollanda sömürge döneminde yakılıp yeniden inşa edilen cami, 2004 tsunamisinde mucizevi biçimde ayakta kalarak dünya çapında sembol haline geldi.","The Baiturrahman Grand Mosque, built during Sultan Iskandar Muda's reign in Banda Aceh in 1612, is one of the most important symbols of Southeast Asian Islam. Burned and rebuilt during Dutch colonial rule, the mosque miraculously survived the 2004 tsunami, becoming a worldwide symbol of resilience.","Hollanda dönemi restorasyon ve genişletmeleriyle bugünkü neo-Mağribi görünümünü kazandı. Beş kubbe ve dört minare. 2004 tsunami sonrası yeniden restore edildi.","Açe Sultanlığı'nın gücünün simgesi; Hollanda ile mücadelenin ve 2004 tsunami felaketinin tanığı.","Banda Aceh merkezinde; tsunami müzesi ile birlikte ziyaret edilmeli.","",""
"36","Djenné Ulu Camii","Great Mosque of Djenné","Cami","Mosque","1907","Djenné","Djenné","13.91","-4.56","58","—","Evet","Aktif","Kritik","Dünyanın en büyük çamur yapısı; Sudan-Sahel üslubu","World's largest mud-brick building; Sudano-Sahelian style","Djenné Ulu Camii, Sudan-Sahel mimari üslubunun en ikonik yapısı ve dünyanın en büyük çamur-kerpiç (adobe) binasıdır. Bugünkü yapı 1907'de eski caminin yerine inşa edilmiştir. Her yıl yağmur mevsimi sonrasında tüm şehir halkının katılımıyla gerçekleştirilen sıva yenileme festivali (crépissage) dünyanın en büyük toplumsal bakım etkinliğidir. Yapının cephesinden çıkan ahşap kirişler (toron) hem strüktürel hem estetik işlev görür.","The Great Mosque of Djenné is the most iconic building of Sudan-Sahelian architecture and the world's largest mud-brick (adobe) structure. The current building was constructed in 1907 replacing the original mosque. The annual replastering festival (crépissage) after the rainy season, involving the entire city, is the world's largest communal maintenance event. The wooden beams (toron) projecting from the facade serve both structural and aesthetic functions.","Toron kirişleri duvar sıvasının yenilenmesi için iskele görevi görür. Üç minare ve kıble duvarı cepheyi tanımlar. Kerpiç duvarlar ısı yalıtımı sağlayarak çöl iklimine uyum gösterir.","Batı Afrika'da İslam'ın ticaret yolları üzerinden yayılmasının ve yerel inşaat geleneğiyle sentezlenmesinin mimari simgesi.","Djenné merkezinde; yıllık crépissage festivali (genellikle Nisan/Mayıs) en etkileyici ziyaret zamanı. İç mekân Müslüman olmayanlara kapalı.","",""
"37","Sankore Medresesi","Sankore Madrasa","Medrese","Madrasa","1325","Timbuktu","Timbuktu","16.77","-3.01","58","Mansa Musa","Evet","Harabe","Kritik","25.000 öğrenci; Batı Afrika'nın entelektüel merkezi","25,000 students; intellectual center of West Africa","Sankore Medresesi, Timbuktu'da 14.-15. yüzyıllarda en parlak dönemini yaşayan ve Batı Afrika'nın en prestijli eğitim kurumu olan yapıdır. Mansa Musa'nın hac dönüşünde getirdiği Endülüslü mimar tarafından yeniden tasarlanan medrese, 25.000 öğrenciye ev sahipliği yaparak dönemin en büyük üniversitelerinden biri haline geldi. Hukuk, astronomi, matematik ve İslam bilimleri öğretiliyordu. Timbuktu el yazmaları insanlık mirasının paha biçilmez parçasıdır.","Sankore Madrasa, experiencing its golden age in 14th-15th century Timbuktu, was West Africa's most prestigious educational institution. Redesigned by an Andalusian architect brought by Mansa Musa from his pilgrimage, the madrasa hosted 25,000 students, becoming one of the era's largest universities. Law, astronomy, mathematics and Islamic sciences were taught. The Timbuktu manuscripts are a priceless part of human heritage.","Sudan-Sahel üslubunda kerpiç yapı. Piramidal minare Djenné geleneğini yansıtır. Mansa Musa'nın Mekke'den getirdiği mimari etkiler yapıya entegre edildi.","Mali İmparatorluğu'nun altın çağında Timbuktu'nun Sahra-altı Afrika'nın entelektüel başkentine dönüşmesinin merkez kurumu.","Timbuktu'da; el yazmaları Ahmed Baba Enstitüsü'nde korunmakta. Güvenlik durumu ziyaret planlamasını etkileyebilir.","37",""
"38","Kilwa Kisiwani Büyük Cami","Great Mosque of Kilwa","Cami","Mosque","1000","Kilwa","Kilwa","-8.96","39.52","62","—","Evet","Harabe","Yüksek","Doğu Afrika sahilinin en eski taş camii","Oldest standing stone mosque on East African coast","Kilwa Kisiwani Büyük Camii, 11. yüzyılda Doğu Afrika sahilinin en önemli ticaret şehri Kilwa'da inşa edilen bölgenin en eski ayakta kalan taş camisidir. Mercan taşı ve kireç harçla inşa edilen yapı, Swahili sahil İslam mimarisinin erken örneklerinden biridir. Kilwa, Çin porseleni ve altın ticaretinin kavşağında Hint Okyanusu ticaret ağının önemli bir halkasıydı.","The Great Mosque of Kilwa, built in the 11th century in Kilwa, the most important trading city of the East African coast, is the region's oldest surviving stone mosque. Built with coral stone and lime mortar, it is one of the early examples of Swahili coastal Islamic architecture. Kilwa was an important link in the Indian Ocean trade network at the crossroads of Chinese porcelain and gold trade.","Mercan taşı duvarlar, kubbesiz düz çatı. Birden fazla inşa evresinin izleri görülebilir. Mihrap orijinal formunu koruyor.","Hint Okyanusu ticaret ağının Doğu Afrika ayağında İslam'ın kökleşmesinin mimari kanıtı.","Tanzanya kıyısında ada üzerinde; tekneyle ulaşılır. UNESCO listesinde ama bakım durumu endişe verici.","",""
"39","Şâh-ı Zinde Nekropolü","Shah-i-Zinda Necropolis","Nekropol","Necropolis","1370","Semerkant","Samarkand","39.66","66.99","144","Timurlu hanedanı","Evet","Müze","Yüksek","20+ türbe; İslam çini sanatının zirvesi","20+ mausoleums; pinnacle of Islamic tile art","Şâh-ı Zinde Nekropolü, Semerkant'ta 11.-15. yüzyıllar arasında inşa edilen 20'den fazla türbeden oluşan mezar kompleksidir. Timurlu hanedanı mensupları ve seçkin kişilere ait türbeler dar bir sokak boyunca sıralanır. Her türbenin cephesi farklı çini mozaik programıyla süslüdür — turkuaz, lacivert, beyaz ve altın tonlarındaki çiniler İslam çini sanatının en konsantre ve en zengin sergisini oluşturur.","Shah-i-Zinda Necropolis in Samarkand is a tomb complex of over 20 mausoleums built between the 11th-15th centuries. Tombs belonging to Timurid dynasty members and distinguished persons line a narrow street. Each tomb facade is decorated with different tile mosaic programs — tiles in turquoise, lapis lazuli, white and gold tones form the most concentrated and richest exhibition of Islamic tile art.","Her türbe cephesi farklı renk ve motif kombinasyonu — geometrik, bitkisel, epigrafik. Bazı türbelerde heft-reng (yedi renk) çini tekniği, bazılarında mozaik çini.","Timurlu döneminde Semerkant'ın necropolis geleneğinin en görkemli ifadesi. Hz. Muhammed'in amcaoğlu Kusem b. Abbas'ın türbesi kompleksin en kutsal noktası.","Registan'dan yürüme mesafesinde; merdiven çıkışından itibaren her türbe farklı bir çini sürprizi sunar.","",""
"40","Mostar Köprüsü","Stari Most (Old Bridge)","Köprü","Bridge","1566","Mostar","Mostar","43.34","17.81","130","Mimar Hayreddin","Evet","Aktif","Yüksek","Osmanlı mühendisliğinin başyapıtı; 1993'te yıkıldı, 2004'te yeniden inşa","Ottoman engineering masterpiece; destroyed 1993, rebuilt 2004","Mostar Köprüsü (Stari Most), 1566'da Mimar Sinan'ın öğrencisi Mimar Hayreddin tarafından Bosna'nın Mostar şehrinde inşa edilen tek kemerli taş köprüdür. Neretva Nehri üzerinde 30 metre yüksekliğindeki zarif kemer, Osmanlı mühendislik geleneğinin Balkanlar'daki en etkileyici eseridir. 1993'te Bosna Savaşı'nda Hırvat güçleri tarafından yıkılan köprü, 2004'te uluslararası işbirliğiyle orijinal tekniklerle yeniden inşa edildi — yıkım ve yeniden doğuşun evrensel sembolü haline geldi.","The Old Bridge of Mostar (Stari Most), built by Mimar Sinan's student Architect Hayreddin in 1566 in Bosnia's Mostar, is a single-arch stone bridge. The elegant 30-meter arch over the Neretva River is the most impressive work of Ottoman engineering tradition in the Balkans. Destroyed by Croatian forces during the 1993 Bosnian War, it was rebuilt with original techniques through international cooperation in 2004 — becoming a universal symbol of destruction and rebirth.","Tek kemer 28,7m açıklığında, 20m yüksekliğinde. Tenelija adlı yerel kireçtaşından inşa edildi. 2004 restorasyonunda nehirden çıkarılan orijinal taşlar kullanıldı.","Kanuni Sultan Süleyman döneminde Osmanlı'nın Balkanlar'daki altyapı yatırımlarının parçası olarak inşa edildi.","Mostar'ın kalbi; yaz aylarında köprüden nehre atlama geleneği turistik çekim noktası. UNESCO listesinde.","",""
