"city_id","name_tr","name_en","lat","lon","year_ce","population_estimate","dynasty_id","role_tr","role_en","narrative_tr","narrative_en","cultural_identity_tr","geographic_advantage_tr"
"1","Bağdat","Baghdad","33.31","44.37","800","1000000","3","Hilafet başkenti","Caliphate capital","Bağdat, 762'de Abbâsî halifesi Mansûr tarafından 'Medînetü's-Selâm' adıyla kurulan ve beş yüz yıldan fazla İslam medeniyetinin tartışılmaz başkenti olan şehirdir. Beytü'l-Hikme'nin merkezi, Binbir Gece Masalları'nın sahne aldığı kozmopolit metropol, dünyanın en büyük kütüphanelerinin ve hastanelerinin evi olarak İslam'ın altın çağının simgesiydi. 1258 Moğol yıkımı şehrin entelektüel zenginliğine ağır darbe vursa da Bağdat asla tamamen önemini kaybetmedi.","Baghdad, founded in 762 by Abbasid caliph al-Mansur as 'City of Peace,' was the undisputed capital of Islamic civilization for over five centuries. As the center of the House of Wisdom, the cosmopolitan metropolis of One Thousand and One Nights, and home to the world's greatest libraries and hospitals, it symbolized Islam's golden age. Though the 1258 Mongol destruction dealt a heavy blow, Baghdad never entirely lost its importance.","Arap, Fars, Türk ve Hint kültürlerinin buluşma noktası; İslam felsefesi, bilimi ve edebiyatının beşiği. Dört Sünnî mezhep, Mu'tezile ve Eş'arîlik burada şekillendi.","Dicle ve Fırat arasındaki stratejik konumu; Horasan, Basra, Şam ve Mısır yollarının kesişim noktası."
"1","Bağdat","Baghdad","33.31","44.37","1000","500000","82","Büveyhî kontrolünde","Under Buyid control","Bağdat, 762'de Abbâsî halifesi Mansûr tarafından 'Medînetü's-Selâm' adıyla kurulan ve beş yüz yıldan fazla İslam medeniyetinin tartışılmaz başkenti olan şehirdir. Beytü'l-Hikme'nin merkezi, Binbir Gece Masalları'nın sahne aldığı kozmopolit metropol, dünyanın en büyük kütüphanelerinin ve hastanelerinin evi olarak İslam'ın altın çağının simgesiydi. 1258 Moğol yıkımı şehrin entelektüel zenginliğine ağır darbe vursa da Bağdat asla tamamen önemini kaybetmedi.","Baghdad, founded in 762 by Abbasid caliph al-Mansur as 'City of Peace,' was the undisputed capital of Islamic civilization for over five centuries. As the center of the House of Wisdom, the cosmopolitan metropolis of One Thousand and One Nights, and home to the world's greatest libraries and hospitals, it symbolized Islam's golden age. Though the 1258 Mongol destruction dealt a heavy blow, Baghdad never entirely lost its importance.","Arap, Fars, Türk ve Hint kültürlerinin buluşma noktası; İslam felsefesi, bilimi ve edebiyatının beşiği. Dört Sünnî mezhep, Mu'tezile ve Eş'arîlik burada şekillendi.","Dicle ve Fırat arasındaki stratejik konumu; Horasan, Basra, Şam ve Mısır yollarının kesişim noktası."
"1","Bağdat","Baghdad","33.31","44.37","1200","300000","3","Geç Abbâsî","Late Abbasid","Bağdat, 762'de Abbâsî halifesi Mansûr tarafından 'Medînetü's-Selâm' adıyla kurulan ve beş yüz yıldan fazla İslam medeniyetinin tartışılmaz başkenti olan şehirdir. Beytü'l-Hikme'nin merkezi, Binbir Gece Masalları'nın sahne aldığı kozmopolit metropol, dünyanın en büyük kütüphanelerinin ve hastanelerinin evi olarak İslam'ın altın çağının simgesiydi. 1258 Moğol yıkımı şehrin entelektüel zenginliğine ağır darbe vursa da Bağdat asla tamamen önemini kaybetmedi.","Baghdad, founded in 762 by Abbasid caliph al-Mansur as 'City of Peace,' was the undisputed capital of Islamic civilization for over five centuries. As the center of the House of Wisdom, the cosmopolitan metropolis of One Thousand and One Nights, and home to the world's greatest libraries and hospitals, it symbolized Islam's golden age. Though the 1258 Mongol destruction dealt a heavy blow, Baghdad never entirely lost its importance.","Arap, Fars, Türk ve Hint kültürlerinin buluşma noktası; İslam felsefesi, bilimi ve edebiyatının beşiği. Dört Sünnî mezhep, Mu'tezile ve Eş'arîlik burada şekillendi.","Dicle ve Fırat arasındaki stratejik konumu; Horasan, Basra, Şam ve Mısır yollarının kesişim noktası."
"1","Bağdat","Baghdad","33.31","44.37","1258","50000","","Moğol yıkımı sonrası","After Mongol destruction","Bağdat, 762'de Abbâsî halifesi Mansûr tarafından 'Medînetü's-Selâm' adıyla kurulan ve beş yüz yıldan fazla İslam medeniyetinin tartışılmaz başkenti olan şehirdir. Beytü'l-Hikme'nin merkezi, Binbir Gece Masalları'nın sahne aldığı kozmopolit metropol, dünyanın en büyük kütüphanelerinin ve hastanelerinin evi olarak İslam'ın altın çağının simgesiydi. 1258 Moğol yıkımı şehrin entelektüel zenginliğine ağır darbe vursa da Bağdat asla tamamen önemini kaybetmedi.","Baghdad, founded in 762 by Abbasid caliph al-Mansur as 'City of Peace,' was the undisputed capital of Islamic civilization for over five centuries. As the center of the House of Wisdom, the cosmopolitan metropolis of One Thousand and One Nights, and home to the world's greatest libraries and hospitals, it symbolized Islam's golden age. Though the 1258 Mongol destruction dealt a heavy blow, Baghdad never entirely lost its importance.","Arap, Fars, Türk ve Hint kültürlerinin buluşma noktası; İslam felsefesi, bilimi ve edebiyatının beşiği. Dört Sünnî mezhep, Mu'tezile ve Eş'arîlik burada şekillendi.","Dicle ve Fırat arasındaki stratejik konumu; Horasan, Basra, Şam ve Mısır yollarının kesişim noktası."
"1","Bağdat","Baghdad","33.31","44.37","1400","100000","106","Timurlu/Celayirli","Timurid/Jalairid","Bağdat, 762'de Abbâsî halifesi Mansûr tarafından 'Medînetü's-Selâm' adıyla kurulan ve beş yüz yıldan fazla İslam medeniyetinin tartışılmaz başkenti olan şehirdir. Beytü'l-Hikme'nin merkezi, Binbir Gece Masalları'nın sahne aldığı kozmopolit metropol, dünyanın en büyük kütüphanelerinin ve hastanelerinin evi olarak İslam'ın altın çağının simgesiydi. 1258 Moğol yıkımı şehrin entelektüel zenginliğine ağır darbe vursa da Bağdat asla tamamen önemini kaybetmedi.","Baghdad, founded in 762 by Abbasid caliph al-Mansur as 'City of Peace,' was the undisputed capital of Islamic civilization for over five centuries. As the center of the House of Wisdom, the cosmopolitan metropolis of One Thousand and One Nights, and home to the world's greatest libraries and hospitals, it symbolized Islam's golden age. Though the 1258 Mongol destruction dealt a heavy blow, Baghdad never entirely lost its importance.","Arap, Fars, Türk ve Hint kültürlerinin buluşma noktası; İslam felsefesi, bilimi ve edebiyatının beşiği. Dört Sünnî mezhep, Mu'tezile ve Eş'arîlik burada şekillendi.","Dicle ve Fırat arasındaki stratejik konumu; Horasan, Basra, Şam ve Mısır yollarının kesişim noktası."
"1","Bağdat","Baghdad","33.31","44.37","1600","150000","124","Osmanlı vilayeti","Ottoman province","Bağdat, 762'de Abbâsî halifesi Mansûr tarafından 'Medînetü's-Selâm' adıyla kurulan ve beş yüz yıldan fazla İslam medeniyetinin tartışılmaz başkenti olan şehirdir. Beytü'l-Hikme'nin merkezi, Binbir Gece Masalları'nın sahne aldığı kozmopolit metropol, dünyanın en büyük kütüphanelerinin ve hastanelerinin evi olarak İslam'ın altın çağının simgesiydi. 1258 Moğol yıkımı şehrin entelektüel zenginliğine ağır darbe vursa da Bağdat asla tamamen önemini kaybetmedi.","Baghdad, founded in 762 by Abbasid caliph al-Mansur as 'City of Peace,' was the undisputed capital of Islamic civilization for over five centuries. As the center of the House of Wisdom, the cosmopolitan metropolis of One Thousand and One Nights, and home to the world's greatest libraries and hospitals, it symbolized Islam's golden age. Though the 1258 Mongol destruction dealt a heavy blow, Baghdad never entirely lost its importance.","Arap, Fars, Türk ve Hint kültürlerinin buluşma noktası; İslam felsefesi, bilimi ve edebiyatının beşiği. Dört Sünnî mezhep, Mu'tezile ve Eş'arîlik burada şekillendi.","Dicle ve Fırat arasındaki stratejik konumu; Horasan, Basra, Şam ve Mısır yollarının kesişim noktası."
"2","Kahire","Cairo","30.04","31.24","970","200000","27","Fâtımî başkenti","Fatimid capital","Kahire, 969'da Fâtımîlerin başkenti olarak kurulan ve bin yılı aşkın süredir İslam dünyasının en büyük şehirlerinden biri olan metropoldür. el-Ezher Üniversitesi'nin merkezi, Memlûk mimarisinin başkenti ve İslam kültür hayatının kalbi olarak asırlardır İslam dünyasının entelektüel ve kültürel ağırlık merkezi rolünü üstlenmektedir.","Cairo, founded as the Fatimid capital in 969, has been one of the Islamic world's largest cities for over a millennium. As center of al-Azhar University, capital of Mamluk architecture, and heart of Islamic cultural life, it has served as the intellectual and cultural center of gravity of the Islamic world for centuries.","Fâtımî, Eyyûbî, Memlûk ve Osmanlı katmanlarının iç içe geçtiği kozmopolit kültür; Arap edebiyatı ve sanatının merkezi.","Nil Vadisi'nin tarımsal zenginliği ve Akdeniz-Kızıldeniz ticaret yollarının kavşağı."
"2","Kahire","Cairo","30.04","31.24","1200","400000","28","Eyyûbî başkenti","Ayyubid capital","Kahire, 969'da Fâtımîlerin başkenti olarak kurulan ve bin yılı aşkın süredir İslam dünyasının en büyük şehirlerinden biri olan metropoldür. el-Ezher Üniversitesi'nin merkezi, Memlûk mimarisinin başkenti ve İslam kültür hayatının kalbi olarak asırlardır İslam dünyasının entelektüel ve kültürel ağırlık merkezi rolünü üstlenmektedir.","Cairo, founded as the Fatimid capital in 969, has been one of the Islamic world's largest cities for over a millennium. As center of al-Azhar University, capital of Mamluk architecture, and heart of Islamic cultural life, it has served as the intellectual and cultural center of gravity of the Islamic world for centuries.","Fâtımî, Eyyûbî, Memlûk ve Osmanlı katmanlarının iç içe geçtiği kozmopolit kültür; Arap edebiyatı ve sanatının merkezi.","Nil Vadisi'nin tarımsal zenginliği ve Akdeniz-Kızıldeniz ticaret yollarının kavşağı."
"2","Kahire","Cairo","30.04","31.24","1340","600000","30","Memlûk zirvesi","Mamluk peak","Kahire, 969'da Fâtımîlerin başkenti olarak kurulan ve bin yılı aşkın süredir İslam dünyasının en büyük şehirlerinden biri olan metropoldür. el-Ezher Üniversitesi'nin merkezi, Memlûk mimarisinin başkenti ve İslam kültür hayatının kalbi olarak asırlardır İslam dünyasının entelektüel ve kültürel ağırlık merkezi rolünü üstlenmektedir.","Cairo, founded as the Fatimid capital in 969, has been one of the Islamic world's largest cities for over a millennium. As center of al-Azhar University, capital of Mamluk architecture, and heart of Islamic cultural life, it has served as the intellectual and cultural center of gravity of the Islamic world for centuries.","Fâtımî, Eyyûbî, Memlûk ve Osmanlı katmanlarının iç içe geçtiği kozmopolit kültür; Arap edebiyatı ve sanatının merkezi.","Nil Vadisi'nin tarımsal zenginliği ve Akdeniz-Kızıldeniz ticaret yollarının kavşağı."
"2","Kahire","Cairo","30.04","31.24","1400","300000","31","Veba sonrası","After plague","Kahire, 969'da Fâtımîlerin başkenti olarak kurulan ve bin yılı aşkın süredir İslam dünyasının en büyük şehirlerinden biri olan metropoldür. el-Ezher Üniversitesi'nin merkezi, Memlûk mimarisinin başkenti ve İslam kültür hayatının kalbi olarak asırlardır İslam dünyasının entelektüel ve kültürel ağırlık merkezi rolünü üstlenmektedir.","Cairo, founded as the Fatimid capital in 969, has been one of the Islamic world's largest cities for over a millennium. As center of al-Azhar University, capital of Mamluk architecture, and heart of Islamic cultural life, it has served as the intellectual and cultural center of gravity of the Islamic world for centuries.","Fâtımî, Eyyûbî, Memlûk ve Osmanlı katmanlarının iç içe geçtiği kozmopolit kültür; Arap edebiyatı ve sanatının merkezi.","Nil Vadisi'nin tarımsal zenginliği ve Akdeniz-Kızıldeniz ticaret yollarının kavşağı."
"2","Kahire","Cairo","30.04","31.24","1600","400000","124","Osmanlı vilayeti","Ottoman province","Kahire, 969'da Fâtımîlerin başkenti olarak kurulan ve bin yılı aşkın süredir İslam dünyasının en büyük şehirlerinden biri olan metropoldür. el-Ezher Üniversitesi'nin merkezi, Memlûk mimarisinin başkenti ve İslam kültür hayatının kalbi olarak asırlardır İslam dünyasının entelektüel ve kültürel ağırlık merkezi rolünü üstlenmektedir.","Cairo, founded as the Fatimid capital in 969, has been one of the Islamic world's largest cities for over a millennium. As center of al-Azhar University, capital of Mamluk architecture, and heart of Islamic cultural life, it has served as the intellectual and cultural center of gravity of the Islamic world for centuries.","Fâtımî, Eyyûbî, Memlûk ve Osmanlı katmanlarının iç içe geçtiği kozmopolit kültür; Arap edebiyatı ve sanatının merkezi.","Nil Vadisi'nin tarımsal zenginliği ve Akdeniz-Kızıldeniz ticaret yollarının kavşağı."
"2","Kahire","Cairo","30.04","31.24","1800","300000","124","Napolyon öncesi","Before Napoleon","Kahire, 969'da Fâtımîlerin başkenti olarak kurulan ve bin yılı aşkın süredir İslam dünyasının en büyük şehirlerinden biri olan metropoldür. el-Ezher Üniversitesi'nin merkezi, Memlûk mimarisinin başkenti ve İslam kültür hayatının kalbi olarak asırlardır İslam dünyasının entelektüel ve kültürel ağırlık merkezi rolünü üstlenmektedir.","Cairo, founded as the Fatimid capital in 969, has been one of the Islamic world's largest cities for over a millennium. As center of al-Azhar University, capital of Mamluk architecture, and heart of Islamic cultural life, it has served as the intellectual and cultural center of gravity of the Islamic world for centuries.","Fâtımî, Eyyûbî, Memlûk ve Osmanlı katmanlarının iç içe geçtiği kozmopolit kültür; Arap edebiyatı ve sanatının merkezi.","Nil Vadisi'nin tarımsal zenginliği ve Akdeniz-Kızıldeniz ticaret yollarının kavşağı."
"3","Kurtuba","Córdoba","37.88","-4.78","800","200000","4","Emevî başkenti","Umayyad capital","Kurtuba, 10. yüzyılda Avrupa'nın en büyük ve en gelişmiş şehri olarak İslam İspanyası'nın başkentiydi. 500.000'e yaklaşan nüfusuyla aynı dönemde Paris ve Londra'dan on kat büyüktü. 70 kütüphanesi, sokak aydınlatması ve kanalizasyon sistemiyle Ortaçağ Avrupa'sının en ileri kentsel altyapısına sahipti. Müslüman, Yahudi ve Hristiyan âlimlerin birlikte çalıştığı convivencia geleneğinin merkezi olarak Batı entelektüel tarihinin şekillendiği yerdir.","Córdoba in the 10th century was the capital of Islamic Spain and Europe's largest and most advanced city. With a population approaching 500,000, it was ten times larger than contemporary Paris and London. With 70 libraries, street lighting and sewage systems, it had medieval Europe's most advanced urban infrastructure. As the center of convivencia where Muslim, Jewish and Christian scholars worked together, it shaped Western intellectual history.","Müslüman, Yahudi ve Hristiyan üç kültürün sentezi (convivencia); çeviri hareketi Yunan felsefesini Avrupa'ya aktardı.","Guadalquivir Nehri'nin bereketli vadisi; Akdeniz ve Atlantik arasındaki stratejik konum."
"3","Kurtuba","Córdoba","37.88","-4.78","1000","500000","4","Avrupa'nın en büyük şehri","Largest city in Europe","Kurtuba, 10. yüzyılda Avrupa'nın en büyük ve en gelişmiş şehri olarak İslam İspanyası'nın başkentiydi. 500.000'e yaklaşan nüfusuyla aynı dönemde Paris ve Londra'dan on kat büyüktü. 70 kütüphanesi, sokak aydınlatması ve kanalizasyon sistemiyle Ortaçağ Avrupa'sının en ileri kentsel altyapısına sahipti. Müslüman, Yahudi ve Hristiyan âlimlerin birlikte çalıştığı convivencia geleneğinin merkezi olarak Batı entelektüel tarihinin şekillendiği yerdir.","Córdoba in the 10th century was the capital of Islamic Spain and Europe's largest and most advanced city. With a population approaching 500,000, it was ten times larger than contemporary Paris and London. With 70 libraries, street lighting and sewage systems, it had medieval Europe's most advanced urban infrastructure. As the center of convivencia where Muslim, Jewish and Christian scholars worked together, it shaped Western intellectual history.","Müslüman, Yahudi ve Hristiyan üç kültürün sentezi (convivencia); çeviri hareketi Yunan felsefesini Avrupa'ya aktardı.","Guadalquivir Nehri'nin bereketli vadisi; Akdeniz ve Atlantik arasındaki stratejik konum."
"3","Kurtuba","Córdoba","37.88","-4.78","1100","100000","14","Murâbıtlar dönemi","Almoravid period","Kurtuba, 10. yüzyılda Avrupa'nın en büyük ve en gelişmiş şehri olarak İslam İspanyası'nın başkentiydi. 500.000'e yaklaşan nüfusuyla aynı dönemde Paris ve Londra'dan on kat büyüktü. 70 kütüphanesi, sokak aydınlatması ve kanalizasyon sistemiyle Ortaçağ Avrupa'sının en ileri kentsel altyapısına sahipti. Müslüman, Yahudi ve Hristiyan âlimlerin birlikte çalıştığı convivencia geleneğinin merkezi olarak Batı entelektüel tarihinin şekillendiği yerdir.","Córdoba in the 10th century was the capital of Islamic Spain and Europe's largest and most advanced city. With a population approaching 500,000, it was ten times larger than contemporary Paris and London. With 70 libraries, street lighting and sewage systems, it had medieval Europe's most advanced urban infrastructure. As the center of convivencia where Muslim, Jewish and Christian scholars worked together, it shaped Western intellectual history.","Müslüman, Yahudi ve Hristiyan üç kültürün sentezi (convivencia); çeviri hareketi Yunan felsefesini Avrupa'ya aktardı.","Guadalquivir Nehri'nin bereketli vadisi; Akdeniz ve Atlantik arasındaki stratejik konum."
"4","İstanbul (Konstantinopolis)","Istanbul (Constantinople)","41.01","28.98","1453","50000","124","Fetih sonrası","After conquest","İstanbul, 1453'teki fetihle Osmanlı İmparatorluğu'nun başkentine dönüşen ve dört yüz yıldan fazla İslam dünyasının en önemli siyasi merkezi olan şehirdir. Bizans mirasını İslam estetiğiyle birleştiren Osmanlı mimarisinin başyapıtları — Ayasofya, Süleymaniye, Sultan Ahmed — şehrin siluetini tanımlar. Üç kıtanın kavşağında konumlanması İstanbul'u hem ticaret hem kültür açısından İslam dünyasının en kozmopolit şehri yapmıştır.","Istanbul, transformed into the Ottoman capital with the 1453 conquest, was the Islamic world's most important political center for over four hundred years. Ottoman architectural masterpieces combining Byzantine heritage with Islamic aesthetics — Hagia Sophia, Süleymaniye, Sultan Ahmed — define the city's skyline. Its position at the crossroads of three continents made Istanbul the Islamic world's most cosmopolitan city.","Bizans-İslam sentezi; Türk, Arap, Fars, Rum, Ermeni ve Yahudi toplulukların çok kültürlü başkenti.","Boğaziçi'nin stratejik kontrolü; Avrupa-Asya, Karadeniz-Akdeniz geçiş noktası."
"4","İstanbul (Konstantinopolis)","Istanbul (Constantinople)","41.01","28.98","1500","200000","124","Osmanlı başkenti","Ottoman capital","İstanbul, 1453'teki fetihle Osmanlı İmparatorluğu'nun başkentine dönüşen ve dört yüz yıldan fazla İslam dünyasının en önemli siyasi merkezi olan şehirdir. Bizans mirasını İslam estetiğiyle birleştiren Osmanlı mimarisinin başyapıtları — Ayasofya, Süleymaniye, Sultan Ahmed — şehrin siluetini tanımlar. Üç kıtanın kavşağında konumlanması İstanbul'u hem ticaret hem kültür açısından İslam dünyasının en kozmopolit şehri yapmıştır.","Istanbul, transformed into the Ottoman capital with the 1453 conquest, was the Islamic world's most important political center for over four hundred years. Ottoman architectural masterpieces combining Byzantine heritage with Islamic aesthetics — Hagia Sophia, Süleymaniye, Sultan Ahmed — define the city's skyline. Its position at the crossroads of three continents made Istanbul the Islamic world's most cosmopolitan city.","Bizans-İslam sentezi; Türk, Arap, Fars, Rum, Ermeni ve Yahudi toplulukların çok kültürlü başkenti.","Boğaziçi'nin stratejik kontrolü; Avrupa-Asya, Karadeniz-Akdeniz geçiş noktası."
"4","İstanbul (Konstantinopolis)","Istanbul (Constantinople)","41.01","28.98","1600","700000","124","Dünyanın en büyük şehri","World's largest city","İstanbul, 1453'teki fetihle Osmanlı İmparatorluğu'nun başkentine dönüşen ve dört yüz yıldan fazla İslam dünyasının en önemli siyasi merkezi olan şehirdir. Bizans mirasını İslam estetiğiyle birleştiren Osmanlı mimarisinin başyapıtları — Ayasofya, Süleymaniye, Sultan Ahmed — şehrin siluetini tanımlar. Üç kıtanın kavşağında konumlanması İstanbul'u hem ticaret hem kültür açısından İslam dünyasının en kozmopolit şehri yapmıştır.","Istanbul, transformed into the Ottoman capital with the 1453 conquest, was the Islamic world's most important political center for over four hundred years. Ottoman architectural masterpieces combining Byzantine heritage with Islamic aesthetics — Hagia Sophia, Süleymaniye, Sultan Ahmed — define the city's skyline. Its position at the crossroads of three continents made Istanbul the Islamic world's most cosmopolitan city.","Bizans-İslam sentezi; Türk, Arap, Fars, Rum, Ermeni ve Yahudi toplulukların çok kültürlü başkenti.","Boğaziçi'nin stratejik kontrolü; Avrupa-Asya, Karadeniz-Akdeniz geçiş noktası."
"4","İstanbul (Konstantinopolis)","Istanbul (Constantinople)","41.01","28.98","1800","500000","124","Gerileme dönemi","Period of decline","İstanbul, 1453'teki fetihle Osmanlı İmparatorluğu'nun başkentine dönüşen ve dört yüz yıldan fazla İslam dünyasının en önemli siyasi merkezi olan şehirdir. Bizans mirasını İslam estetiğiyle birleştiren Osmanlı mimarisinin başyapıtları — Ayasofya, Süleymaniye, Sultan Ahmed — şehrin siluetini tanımlar. Üç kıtanın kavşağında konumlanması İstanbul'u hem ticaret hem kültür açısından İslam dünyasının en kozmopolit şehri yapmıştır.","Istanbul, transformed into the Ottoman capital with the 1453 conquest, was the Islamic world's most important political center for over four hundred years. Ottoman architectural masterpieces combining Byzantine heritage with Islamic aesthetics — Hagia Sophia, Süleymaniye, Sultan Ahmed — define the city's skyline. Its position at the crossroads of three continents made Istanbul the Islamic world's most cosmopolitan city.","Bizans-İslam sentezi; Türk, Arap, Fars, Rum, Ermeni ve Yahudi toplulukların çok kültürlü başkenti.","Boğaziçi'nin stratejik kontrolü; Avrupa-Asya, Karadeniz-Akdeniz geçiş noktası."
"5","Semerkant","Samarkand","39.65","66.96","900","200000","89","Sâmânî başkenti","Samanid capital","Semerkant, İpek Yolu'nun en parlak şehri ve Timurlu döneminde dünyanın en görkemli başkentlerinden biriydi. Timur fethettiği toprakların en yetenekli zanaatkârlarını buraya getirerek şehri açık hava müzesine dönüştürdü. Registan Meydanı, Gûr-ı Emîr ve Şâh-ı Zinde İslam çini sanatının en konsantre örnekleridir. Uluğ Bey'in rasathanesi şehrin bilimsel mirasının zirvesiydi.","Samarkand was the Silk Road's most brilliant city and one of the world's most magnificent capitals during the Timurid period. Timur transformed the city into an open-air museum by bringing the most talented artisans from conquered lands. The Registan, Gur-e Amir and Shah-i-Zinda are the most concentrated examples of Islamic tile art. Ulugh Beg's observatory was the pinnacle of the city's scientific legacy.","Türk-Fars-Soğd kültür sentezi; İpek Yolu kozmopolitliğinin zirvesi; Timurlu sanat ve bilim geleneği.","İpek Yolu'nun Orta Asya kavşağında; Zerefşan Nehri'nin bereketli vadisinde konumlanma."
"5","Semerkant","Samarkand","39.65","66.96","1200","100000","96","Harezmşâh dönemi","Khwarazmshah period","Semerkant, İpek Yolu'nun en parlak şehri ve Timurlu döneminde dünyanın en görkemli başkentlerinden biriydi. Timur fethettiği toprakların en yetenekli zanaatkârlarını buraya getirerek şehri açık hava müzesine dönüştürdü. Registan Meydanı, Gûr-ı Emîr ve Şâh-ı Zinde İslam çini sanatının en konsantre örnekleridir. Uluğ Bey'in rasathanesi şehrin bilimsel mirasının zirvesiydi.","Samarkand was the Silk Road's most brilliant city and one of the world's most magnificent capitals during the Timurid period. Timur transformed the city into an open-air museum by bringing the most talented artisans from conquered lands. The Registan, Gur-e Amir and Shah-i-Zinda are the most concentrated examples of Islamic tile art. Ulugh Beg's observatory was the pinnacle of the city's scientific legacy.","Türk-Fars-Soğd kültür sentezi; İpek Yolu kozmopolitliğinin zirvesi; Timurlu sanat ve bilim geleneği.","İpek Yolu'nun Orta Asya kavşağında; Zerefşan Nehri'nin bereketli vadisinde konumlanma."
"5","Semerkant","Samarkand","39.65","66.96","1220","20000","","Moğol yıkımı sonrası","After Mongol destruction","Semerkant, İpek Yolu'nun en parlak şehri ve Timurlu döneminde dünyanın en görkemli başkentlerinden biriydi. Timur fethettiği toprakların en yetenekli zanaatkârlarını buraya getirerek şehri açık hava müzesine dönüştürdü. Registan Meydanı, Gûr-ı Emîr ve Şâh-ı Zinde İslam çini sanatının en konsantre örnekleridir. Uluğ Bey'in rasathanesi şehrin bilimsel mirasının zirvesiydi.","Samarkand was the Silk Road's most brilliant city and one of the world's most magnificent capitals during the Timurid period. Timur transformed the city into an open-air museum by bringing the most talented artisans from conquered lands. The Registan, Gur-e Amir and Shah-i-Zinda are the most concentrated examples of Islamic tile art. Ulugh Beg's observatory was the pinnacle of the city's scientific legacy.","Türk-Fars-Soğd kültür sentezi; İpek Yolu kozmopolitliğinin zirvesi; Timurlu sanat ve bilim geleneği.","İpek Yolu'nun Orta Asya kavşağında; Zerefşan Nehri'nin bereketli vadisinde konumlanma."
"5","Semerkant","Samarkand","39.65","66.96","1400","300000","106","Timurlu başkenti; dünyanın zirvesi","Timurid capital; world's pinnacle","Semerkant, İpek Yolu'nun en parlak şehri ve Timurlu döneminde dünyanın en görkemli başkentlerinden biriydi. Timur fethettiği toprakların en yetenekli zanaatkârlarını buraya getirerek şehri açık hava müzesine dönüştürdü. Registan Meydanı, Gûr-ı Emîr ve Şâh-ı Zinde İslam çini sanatının en konsantre örnekleridir. Uluğ Bey'in rasathanesi şehrin bilimsel mirasının zirvesiydi.","Samarkand was the Silk Road's most brilliant city and one of the world's most magnificent capitals during the Timurid period. Timur transformed the city into an open-air museum by bringing the most talented artisans from conquered lands. The Registan, Gur-e Amir and Shah-i-Zinda are the most concentrated examples of Islamic tile art. Ulugh Beg's observatory was the pinnacle of the city's scientific legacy.","Türk-Fars-Soğd kültür sentezi; İpek Yolu kozmopolitliğinin zirvesi; Timurlu sanat ve bilim geleneği.","İpek Yolu'nun Orta Asya kavşağında; Zerefşan Nehri'nin bereketli vadisinde konumlanma."
"5","Semerkant","Samarkand","39.65","66.96","1500","150000","147","Şeybânî dönemi","Shaybanid period","Semerkant, İpek Yolu'nun en parlak şehri ve Timurlu döneminde dünyanın en görkemli başkentlerinden biriydi. Timur fethettiği toprakların en yetenekli zanaatkârlarını buraya getirerek şehri açık hava müzesine dönüştürdü. Registan Meydanı, Gûr-ı Emîr ve Şâh-ı Zinde İslam çini sanatının en konsantre örnekleridir. Uluğ Bey'in rasathanesi şehrin bilimsel mirasının zirvesiydi.","Samarkand was the Silk Road's most brilliant city and one of the world's most magnificent capitals during the Timurid period. Timur transformed the city into an open-air museum by bringing the most talented artisans from conquered lands. The Registan, Gur-e Amir and Shah-i-Zinda are the most concentrated examples of Islamic tile art. Ulugh Beg's observatory was the pinnacle of the city's scientific legacy.","Türk-Fars-Soğd kültür sentezi; İpek Yolu kozmopolitliğinin zirvesi; Timurlu sanat ve bilim geleneği.","İpek Yolu'nun Orta Asya kavşağında; Zerefşan Nehri'nin bereketli vadisinde konumlanma."
"6","İsfahan","Isfahan","32.66","51.68","1050","200000","91","Selçuklu başkenti","Seljuq capital","İsfahan, Safevî Şah Abbas döneminde 'Nesf-ı Cihân' (Dünyanın Yarısı) unvanını alan ve İran mimarisinin en muhteşem başyapıtlarını barındıran şehirdir. Nakş-ı Cihan Meydanı etrafında Şah Camii, Şeyh Lütfullah Camii, Âlî Kapu Sarayı ve Büyük Çarşı'nın oluşturduğu bütünsel tasarım İslam şehirciliğinin en mükemmel örneğidir.","Isfahan, earning the title 'Half the World' during Safavid Shah Abbas's era, houses the most magnificent masterpieces of Iranian architecture. The holistic design formed by Shah Mosque, Sheikh Lotfollah Mosque, Ali Qapu Palace and Grand Bazaar around Naqsh-e Jahan Square is the most perfect example of Islamic urbanism.","Fars kültürünün kalbi; Safevî İslam sanatı, halıcılık ve çini geleneğinin merkezi.","İran platosunun ortasında Zayende Nehri kıyısında; kara ticaret yollarının İran kavşağı."
"6","İsfahan","Isfahan","32.66","51.68","1600","600000","107","Safevî başkenti; Nesf-ı Cihân","Safavid capital; Half the World","İsfahan, Safevî Şah Abbas döneminde 'Nesf-ı Cihân' (Dünyanın Yarısı) unvanını alan ve İran mimarisinin en muhteşem başyapıtlarını barındıran şehirdir. Nakş-ı Cihan Meydanı etrafında Şah Camii, Şeyh Lütfullah Camii, Âlî Kapu Sarayı ve Büyük Çarşı'nın oluşturduğu bütünsel tasarım İslam şehirciliğinin en mükemmel örneğidir.","Isfahan, earning the title 'Half the World' during Safavid Shah Abbas's era, houses the most magnificent masterpieces of Iranian architecture. The holistic design formed by Shah Mosque, Sheikh Lotfollah Mosque, Ali Qapu Palace and Grand Bazaar around Naqsh-e Jahan Square is the most perfect example of Islamic urbanism.","Fars kültürünün kalbi; Safevî İslam sanatı, halıcılık ve çini geleneğinin merkezi.","İran platosunun ortasında Zayende Nehri kıyısında; kara ticaret yollarının İran kavşağı."
"6","İsfahan","Isfahan","32.66","51.68","1722","100000","108","Afgan istilası sonrası","After Afghan invasion","İsfahan, Safevî Şah Abbas döneminde 'Nesf-ı Cihân' (Dünyanın Yarısı) unvanını alan ve İran mimarisinin en muhteşem başyapıtlarını barındıran şehirdir. Nakş-ı Cihan Meydanı etrafında Şah Camii, Şeyh Lütfullah Camii, Âlî Kapu Sarayı ve Büyük Çarşı'nın oluşturduğu bütünsel tasarım İslam şehirciliğinin en mükemmel örneğidir.","Isfahan, earning the title 'Half the World' during Safavid Shah Abbas's era, houses the most magnificent masterpieces of Iranian architecture. The holistic design formed by Shah Mosque, Sheikh Lotfollah Mosque, Ali Qapu Palace and Grand Bazaar around Naqsh-e Jahan Square is the most perfect example of Islamic urbanism.","Fars kültürünün kalbi; Safevî İslam sanatı, halıcılık ve çini geleneğinin merkezi.","İran platosunun ortasında Zayende Nehri kıyısında; kara ticaret yollarının İran kavşağı."
"7","Şam","Damascus","33.51","36.29","700","350000","2","Emevî başkenti","Umayyad capital","Şam, sürekli yerleşim gören dünyanın en eski şehirlerinden biri olarak İslam tarihinde benzersiz bir yere sahiptir. Emevî başkenti olarak İslam'ın ilk büyük imparatorluk şehri oldu. Emevî Camii İslam mimarisinin kurucu eserlerinden biridir. Eyyûbî ve Memlûk dönemlerinde önemli kültür merkezi olan Şam, İbn Arabî ve İbn Teymiyye gibi dev isimleri ağırlamıştır.","Damascus, one of the world's oldest continuously inhabited cities, holds a unique place in Islamic history. As the Umayyad capital it became Islam's first great imperial city. The Umayyad Mosque is one of the founding works of Islamic architecture. An important cultural center during the Ayyubid and Mamluk periods, Damascus hosted towering figures like Ibn Arabi and Ibn Taymiyyah.","Emevî mirası, Eyyûbî ve Memlûk kültür katmanları; Arap kimliğinin en köklü taşıyıcısı.","Barada Nehri'nin Suriye çölü kenarındaki vahasında; Akdeniz-Mezopotamya yollarının kavşağı."
"7","Şam","Damascus","33.51","36.29","1000","100000","27","Fâtımî kontrolü","Fatimid control","Şam, sürekli yerleşim gören dünyanın en eski şehirlerinden biri olarak İslam tarihinde benzersiz bir yere sahiptir. Emevî başkenti olarak İslam'ın ilk büyük imparatorluk şehri oldu. Emevî Camii İslam mimarisinin kurucu eserlerinden biridir. Eyyûbî ve Memlûk dönemlerinde önemli kültür merkezi olan Şam, İbn Arabî ve İbn Teymiyye gibi dev isimleri ağırlamıştır.","Damascus, one of the world's oldest continuously inhabited cities, holds a unique place in Islamic history. As the Umayyad capital it became Islam's first great imperial city. The Umayyad Mosque is one of the founding works of Islamic architecture. An important cultural center during the Ayyubid and Mamluk periods, Damascus hosted towering figures like Ibn Arabi and Ibn Taymiyyah.","Emevî mirası, Eyyûbî ve Memlûk kültür katmanları; Arap kimliğinin en köklü taşıyıcısı.","Barada Nehri'nin Suriye çölü kenarındaki vahasında; Akdeniz-Mezopotamya yollarının kavşağı."
"7","Şam","Damascus","33.51","36.29","1200","150000","28","Eyyûbî dönemi","Ayyubid period","Şam, sürekli yerleşim gören dünyanın en eski şehirlerinden biri olarak İslam tarihinde benzersiz bir yere sahiptir. Emevî başkenti olarak İslam'ın ilk büyük imparatorluk şehri oldu. Emevî Camii İslam mimarisinin kurucu eserlerinden biridir. Eyyûbî ve Memlûk dönemlerinde önemli kültür merkezi olan Şam, İbn Arabî ve İbn Teymiyye gibi dev isimleri ağırlamıştır.","Damascus, one of the world's oldest continuously inhabited cities, holds a unique place in Islamic history. As the Umayyad capital it became Islam's first great imperial city. The Umayyad Mosque is one of the founding works of Islamic architecture. An important cultural center during the Ayyubid and Mamluk periods, Damascus hosted towering figures like Ibn Arabi and Ibn Taymiyyah.","Emevî mirası, Eyyûbî ve Memlûk kültür katmanları; Arap kimliğinin en köklü taşıyıcısı.","Barada Nehri'nin Suriye çölü kenarındaki vahasında; Akdeniz-Mezopotamya yollarının kavşağı."
"7","Şam","Damascus","33.51","36.29","1400","100000","106","Timur yıkımı sonrası","After Timurid destruction","Şam, sürekli yerleşim gören dünyanın en eski şehirlerinden biri olarak İslam tarihinde benzersiz bir yere sahiptir. Emevî başkenti olarak İslam'ın ilk büyük imparatorluk şehri oldu. Emevî Camii İslam mimarisinin kurucu eserlerinden biridir. Eyyûbî ve Memlûk dönemlerinde önemli kültür merkezi olan Şam, İbn Arabî ve İbn Teymiyye gibi dev isimleri ağırlamıştır.","Damascus, one of the world's oldest continuously inhabited cities, holds a unique place in Islamic history. As the Umayyad capital it became Islam's first great imperial city. The Umayyad Mosque is one of the founding works of Islamic architecture. An important cultural center during the Ayyubid and Mamluk periods, Damascus hosted towering figures like Ibn Arabi and Ibn Taymiyyah.","Emevî mirası, Eyyûbî ve Memlûk kültür katmanları; Arap kimliğinin en köklü taşıyıcısı.","Barada Nehri'nin Suriye çölü kenarındaki vahasında; Akdeniz-Mezopotamya yollarının kavşağı."
"7","Şam","Damascus","33.51","36.29","1600","120000","124","Osmanlı vilayeti","Ottoman province","Şam, sürekli yerleşim gören dünyanın en eski şehirlerinden biri olarak İslam tarihinde benzersiz bir yere sahiptir. Emevî başkenti olarak İslam'ın ilk büyük imparatorluk şehri oldu. Emevî Camii İslam mimarisinin kurucu eserlerinden biridir. Eyyûbî ve Memlûk dönemlerinde önemli kültür merkezi olan Şam, İbn Arabî ve İbn Teymiyye gibi dev isimleri ağırlamıştır.","Damascus, one of the world's oldest continuously inhabited cities, holds a unique place in Islamic history. As the Umayyad capital it became Islam's first great imperial city. The Umayyad Mosque is one of the founding works of Islamic architecture. An important cultural center during the Ayyubid and Mamluk periods, Damascus hosted towering figures like Ibn Arabi and Ibn Taymiyyah.","Emevî mirası, Eyyûbî ve Memlûk kültür katmanları; Arap kimliğinin en köklü taşıyıcısı.","Barada Nehri'nin Suriye çölü kenarındaki vahasında; Akdeniz-Mezopotamya yollarının kavşağı."
"8","Fez","Fez","34.03","-5.0","900","150000","8","İdrîsî başkenti","Idrisid capital","Fez, 9. yüzyılda İdrîsîler tarafından kurulan ve Mağrib'in en eski İslam kültür merkezi olan şehirdir. Karaviyyîn Camii ve Üniversitesi (859) dünyanın en eski sürekli faaliyet gösteren eğitim kurumlarından biri olarak kabul edilir. Fez Medîna'sı dünyanın en büyük arabasız kentsel alanıdır ve Ortaçağ İslam şehrinin en iyi korunmuş örneğidir.","Fez, founded by the Idrisids in the 9th century, is the Maghreb's oldest Islamic cultural center. The Qarawiyyin Mosque and University (859) is considered one of the world's oldest continuously operating educational institutions. The Fez Medina is the world's largest car-free urban area and the best preserved example of a medieval Islamic city.","Endülüs göçmenlerinin taşıdığı rafine kültür, Berber geleneği ve Arap İslam'ının sentezi.","Atlas Dağları eteklerinde bereketli vadide; Trans-Sahra ve Akdeniz ticaretinin Mağrib kavşağı."
"8","Fez","Fez","34.03","-5.0","1200","200000","15","Muvahhidler dönemi","Almohad period","Fez, 9. yüzyılda İdrîsîler tarafından kurulan ve Mağrib'in en eski İslam kültür merkezi olan şehirdir. Karaviyyîn Camii ve Üniversitesi (859) dünyanın en eski sürekli faaliyet gösteren eğitim kurumlarından biri olarak kabul edilir. Fez Medîna'sı dünyanın en büyük arabasız kentsel alanıdır ve Ortaçağ İslam şehrinin en iyi korunmuş örneğidir.","Fez, founded by the Idrisids in the 9th century, is the Maghreb's oldest Islamic cultural center. The Qarawiyyin Mosque and University (859) is considered one of the world's oldest continuously operating educational institutions. The Fez Medina is the world's largest car-free urban area and the best preserved example of a medieval Islamic city.","Endülüs göçmenlerinin taşıdığı rafine kültür, Berber geleneği ve Arap İslam'ının sentezi.","Atlas Dağları eteklerinde bereketli vadide; Trans-Sahra ve Akdeniz ticaretinin Mağrib kavşağı."
"8","Fez","Fez","34.03","-5.0","1400","150000","16","Merînî başkenti","Marinid capital","Fez, 9. yüzyılda İdrîsîler tarafından kurulan ve Mağrib'in en eski İslam kültür merkezi olan şehirdir. Karaviyyîn Camii ve Üniversitesi (859) dünyanın en eski sürekli faaliyet gösteren eğitim kurumlarından biri olarak kabul edilir. Fez Medîna'sı dünyanın en büyük arabasız kentsel alanıdır ve Ortaçağ İslam şehrinin en iyi korunmuş örneğidir.","Fez, founded by the Idrisids in the 9th century, is the Maghreb's oldest Islamic cultural center. The Qarawiyyin Mosque and University (859) is considered one of the world's oldest continuously operating educational institutions. The Fez Medina is the world's largest car-free urban area and the best preserved example of a medieval Islamic city.","Endülüs göçmenlerinin taşıdığı rafine kültür, Berber geleneği ve Arap İslam'ının sentezi.","Atlas Dağları eteklerinde bereketli vadide; Trans-Sahra ve Akdeniz ticaretinin Mağrib kavşağı."
"8","Fez","Fez","34.03","-5.0","1600","100000","20","Sa'dî dönemi","Saadian period","Fez, 9. yüzyılda İdrîsîler tarafından kurulan ve Mağrib'in en eski İslam kültür merkezi olan şehirdir. Karaviyyîn Camii ve Üniversitesi (859) dünyanın en eski sürekli faaliyet gösteren eğitim kurumlarından biri olarak kabul edilir. Fez Medîna'sı dünyanın en büyük arabasız kentsel alanıdır ve Ortaçağ İslam şehrinin en iyi korunmuş örneğidir.","Fez, founded by the Idrisids in the 9th century, is the Maghreb's oldest Islamic cultural center. The Qarawiyyin Mosque and University (859) is considered one of the world's oldest continuously operating educational institutions. The Fez Medina is the world's largest car-free urban area and the best preserved example of a medieval Islamic city.","Endülüs göçmenlerinin taşıdığı rafine kültür, Berber geleneği ve Arap İslam'ının sentezi.","Atlas Dağları eteklerinde bereketli vadide; Trans-Sahra ve Akdeniz ticaretinin Mağrib kavşağı."
"9","Delhi","Delhi","28.61","77.21","1200","100000","158","Sultanlık başkenti","Sultanate capital","Delhi, 1206'dan itibaren çeşitli İslam hanedanlarının başkenti olarak Güney Asya İslam medeniyetinin merkezi olmuştur. Delhi Sultanlığı ve ardından Bâbürlü İmparatorluğu dönemlerinde Hint-İslam kültürel sentezinin en zengin örneklerini üreten şehir, Kutub Minar'dan Kızıl Kale'ye, Hümâyûn Türbesi'nden Cama Mescidi'ne kadar İslam mimarisinin Güney Asya yorumlarının canlı müzesidir.","Delhi, capital of various Islamic dynasties since 1206, has been the center of South Asian Islamic civilization. Producing the richest examples of Hindu-Islamic cultural synthesis during the Delhi Sultanate and Mughal Empire periods, the city is a living museum of South Asian Islamic architecture from Qutb Minar to Red Fort, Humayun's Tomb to Jama Masjid.","Hint-İslam kültürel sentezinin başkenti; Urdu dili, Bâbürlü mutfağı ve Hint-İslam mimarisinin beşiği.","Ganj-Yamuna ovasının stratejik kontrolü; Kuzey Hindistan'ın doğal yönetim merkezi."
"9","Delhi","Delhi","28.61","77.21","1340","400000","159","Tuğluklu zirvesi","Tughluq peak","Delhi, 1206'dan itibaren çeşitli İslam hanedanlarının başkenti olarak Güney Asya İslam medeniyetinin merkezi olmuştur. Delhi Sultanlığı ve ardından Bâbürlü İmparatorluğu dönemlerinde Hint-İslam kültürel sentezinin en zengin örneklerini üreten şehir, Kutub Minar'dan Kızıl Kale'ye, Hümâyûn Türbesi'nden Cama Mescidi'ne kadar İslam mimarisinin Güney Asya yorumlarının canlı müzesidir.","Delhi, capital of various Islamic dynasties since 1206, has been the center of South Asian Islamic civilization. Producing the richest examples of Hindu-Islamic cultural synthesis during the Delhi Sultanate and Mughal Empire periods, the city is a living museum of South Asian Islamic architecture from Qutb Minar to Red Fort, Humayun's Tomb to Jama Masjid.","Hint-İslam kültürel sentezinin başkenti; Urdu dili, Bâbürlü mutfağı ve Hint-İslam mimarisinin beşiği.","Ganj-Yamuna ovasının stratejik kontrolü; Kuzey Hindistan'ın doğal yönetim merkezi."
"9","Delhi","Delhi","28.61","77.21","1400","100000","106","Timur yıkımı sonrası","After Timurid destruction","Delhi, 1206'dan itibaren çeşitli İslam hanedanlarının başkenti olarak Güney Asya İslam medeniyetinin merkezi olmuştur. Delhi Sultanlığı ve ardından Bâbürlü İmparatorluğu dönemlerinde Hint-İslam kültürel sentezinin en zengin örneklerini üreten şehir, Kutub Minar'dan Kızıl Kale'ye, Hümâyûn Türbesi'nden Cama Mescidi'ne kadar İslam mimarisinin Güney Asya yorumlarının canlı müzesidir.","Delhi, capital of various Islamic dynasties since 1206, has been the center of South Asian Islamic civilization. Producing the richest examples of Hindu-Islamic cultural synthesis during the Delhi Sultanate and Mughal Empire periods, the city is a living museum of South Asian Islamic architecture from Qutb Minar to Red Fort, Humayun's Tomb to Jama Masjid.","Hint-İslam kültürel sentezinin başkenti; Urdu dili, Bâbürlü mutfağı ve Hint-İslam mimarisinin beşiği.","Ganj-Yamuna ovasının stratejik kontrolü; Kuzey Hindistan'ın doğal yönetim merkezi."
"9","Delhi","Delhi","28.61","77.21","1600","500000","178","Bâbürlü başkenti","Mughal capital","Delhi, 1206'dan itibaren çeşitli İslam hanedanlarının başkenti olarak Güney Asya İslam medeniyetinin merkezi olmuştur. Delhi Sultanlığı ve ardından Bâbürlü İmparatorluğu dönemlerinde Hint-İslam kültürel sentezinin en zengin örneklerini üreten şehir, Kutub Minar'dan Kızıl Kale'ye, Hümâyûn Türbesi'nden Cama Mescidi'ne kadar İslam mimarisinin Güney Asya yorumlarının canlı müzesidir.","Delhi, capital of various Islamic dynasties since 1206, has been the center of South Asian Islamic civilization. Producing the richest examples of Hindu-Islamic cultural synthesis during the Delhi Sultanate and Mughal Empire periods, the city is a living museum of South Asian Islamic architecture from Qutb Minar to Red Fort, Humayun's Tomb to Jama Masjid.","Hint-İslam kültürel sentezinin başkenti; Urdu dili, Bâbürlü mutfağı ve Hint-İslam mimarisinin beşiği.","Ganj-Yamuna ovasının stratejik kontrolü; Kuzey Hindistan'ın doğal yönetim merkezi."
"9","Delhi","Delhi","28.61","77.21","1700","600000","178","Şah Cihânâbâd","Shahjahanabad","Delhi, 1206'dan itibaren çeşitli İslam hanedanlarının başkenti olarak Güney Asya İslam medeniyetinin merkezi olmuştur. Delhi Sultanlığı ve ardından Bâbürlü İmparatorluğu dönemlerinde Hint-İslam kültürel sentezinin en zengin örneklerini üreten şehir, Kutub Minar'dan Kızıl Kale'ye, Hümâyûn Türbesi'nden Cama Mescidi'ne kadar İslam mimarisinin Güney Asya yorumlarının canlı müzesidir.","Delhi, capital of various Islamic dynasties since 1206, has been the center of South Asian Islamic civilization. Producing the richest examples of Hindu-Islamic cultural synthesis during the Delhi Sultanate and Mughal Empire periods, the city is a living museum of South Asian Islamic architecture from Qutb Minar to Red Fort, Humayun's Tomb to Jama Masjid.","Hint-İslam kültürel sentezinin başkenti; Urdu dili, Bâbürlü mutfağı ve Hint-İslam mimarisinin beşiği.","Ganj-Yamuna ovasının stratejik kontrolü; Kuzey Hindistan'ın doğal yönetim merkezi."
"10","Timbuktu","Timbuktu","16.77","-3.01","1300","50000","58","Mali dönemi","Mali period","Timbuktu, 14.-16. yüzyıllarda Sahra altı Afrika'nın entelektüel başkenti olarak İslam dünyasının en uzak ama en parlak kültür merkezlerinden biriydi. Sankore Medresesi 25.000 öğrenciye ev sahipliği yapıyordu. Şehirdeki yüz binlerce el yazması — matematik, astronomi, tıp ve İslam hukuku — Afrika'nın yazılı entelektüel mirasının paha biçilmez hazinesidir.","Timbuktu was one of the Islamic world's most remote yet brilliant cultural centers as sub-Saharan Africa's intellectual capital in the 14th-16th centuries. Sankore Madrasa hosted 25,000 students. The hundreds of thousands of manuscripts — mathematics, astronomy, medicine and Islamic law — are the priceless treasure of Africa's written intellectual heritage.","Batı Afrika İslam geleneği, Manden kültürü ve Sahra ticaretinin oluşturduğu özgün entelektüel ortam.","Niger Nehri kıyısında, Trans-Sahra ticaret yollarının güney terminali; çöl ve savana geçiş noktası."
"10","Timbuktu","Timbuktu","16.77","-3.01","1450","100000","59","Songay dönemi; entelektüel zirve","Songhai period; intellectual peak","Timbuktu, 14.-16. yüzyıllarda Sahra altı Afrika'nın entelektüel başkenti olarak İslam dünyasının en uzak ama en parlak kültür merkezlerinden biriydi. Sankore Medresesi 25.000 öğrenciye ev sahipliği yapıyordu. Şehirdeki yüz binlerce el yazması — matematik, astronomi, tıp ve İslam hukuku — Afrika'nın yazılı entelektüel mirasının paha biçilmez hazinesidir.","Timbuktu was one of the Islamic world's most remote yet brilliant cultural centers as sub-Saharan Africa's intellectual capital in the 14th-16th centuries. Sankore Madrasa hosted 25,000 students. The hundreds of thousands of manuscripts — mathematics, astronomy, medicine and Islamic law — are the priceless treasure of Africa's written intellectual heritage.","Batı Afrika İslam geleneği, Manden kültürü ve Sahra ticaretinin oluşturduğu özgün entelektüel ortam.","Niger Nehri kıyısında, Trans-Sahra ticaret yollarının güney terminali; çöl ve savana geçiş noktası."
"10","Timbuktu","Timbuktu","16.77","-3.01","1600","50000","20","Sa'dî işgali sonrası","After Saadian occupation","Timbuktu, 14.-16. yüzyıllarda Sahra altı Afrika'nın entelektüel başkenti olarak İslam dünyasının en uzak ama en parlak kültür merkezlerinden biriydi. Sankore Medresesi 25.000 öğrenciye ev sahipliği yapıyordu. Şehirdeki yüz binlerce el yazması — matematik, astronomi, tıp ve İslam hukuku — Afrika'nın yazılı entelektüel mirasının paha biçilmez hazinesidir.","Timbuktu was one of the Islamic world's most remote yet brilliant cultural centers as sub-Saharan Africa's intellectual capital in the 14th-16th centuries. Sankore Madrasa hosted 25,000 students. The hundreds of thousands of manuscripts — mathematics, astronomy, medicine and Islamic law — are the priceless treasure of Africa's written intellectual heritage.","Batı Afrika İslam geleneği, Manden kültürü ve Sahra ticaretinin oluşturduğu özgün entelektüel ortam.","Niger Nehri kıyısında, Trans-Sahra ticaret yollarının güney terminali; çöl ve savana geçiş noktası."
"11","Merakeş","Marrakesh","31.63","-8.01","1100","200000","14","Murâbıtlar başkenti","Almoravid capital","Merakeş, 1062'de Murâbıtlar tarafından kurulan ve yüzyıllar boyunca Mağrib'in en dinamik şehirlerinden biri olan metropoldür. Kutubiye Camii'nin minaresi şehrin siluetini tanımlar. Cemaü'l-Fenâ meydanı yüzyıllardır kesintisiz süregelen canlı halk kültürünün sahnesidir.","Marrakesh, founded by the Almoravids in 1062, has been one of the Maghreb's most dynamic cities for centuries. The Koutoubia Mosque's minaret defines the city's silhouette. Jemaa el-Fna square has been a stage for vibrant folk culture continuing uninterrupted for centuries.","Berber, Arap ve Sahra-altı Afrika kültürlerinin buluşma noktası; Mağrib'in en renkli şehri.","Atlas Dağları eteklerinde; Trans-Sahra ticaretinin kuzey terminallerinden biri."
"11","Merakeş","Marrakesh","31.63","-8.01","1200","250000","15","Muvahhidler başkenti","Almohad capital","Merakeş, 1062'de Murâbıtlar tarafından kurulan ve yüzyıllar boyunca Mağrib'in en dinamik şehirlerinden biri olan metropoldür. Kutubiye Camii'nin minaresi şehrin siluetini tanımlar. Cemaü'l-Fenâ meydanı yüzyıllardır kesintisiz süregelen canlı halk kültürünün sahnesidir.","Marrakesh, founded by the Almoravids in 1062, has been one of the Maghreb's most dynamic cities for centuries. The Koutoubia Mosque's minaret defines the city's silhouette. Jemaa el-Fna square has been a stage for vibrant folk culture continuing uninterrupted for centuries.","Berber, Arap ve Sahra-altı Afrika kültürlerinin buluşma noktası; Mağrib'in en renkli şehri.","Atlas Dağları eteklerinde; Trans-Sahra ticaretinin kuzey terminallerinden biri."
"11","Merakeş","Marrakesh","31.63","-8.01","1600","150000","20","Sa'dî başkenti","Saadian capital","Merakeş, 1062'de Murâbıtlar tarafından kurulan ve yüzyıllar boyunca Mağrib'in en dinamik şehirlerinden biri olan metropoldür. Kutubiye Camii'nin minaresi şehrin siluetini tanımlar. Cemaü'l-Fenâ meydanı yüzyıllardır kesintisiz süregelen canlı halk kültürünün sahnesidir.","Marrakesh, founded by the Almoravids in 1062, has been one of the Maghreb's most dynamic cities for centuries. The Koutoubia Mosque's minaret defines the city's silhouette. Jemaa el-Fna square has been a stage for vibrant folk culture continuing uninterrupted for centuries.","Berber, Arap ve Sahra-altı Afrika kültürlerinin buluşma noktası; Mağrib'in en renkli şehri.","Atlas Dağları eteklerinde; Trans-Sahra ticaretinin kuzey terminallerinden biri."
"12","Basra","Basra","30.51","47.81","700","200000","2","Emevî garnizonu; ticaret merkezi","Umayyad garrison; trade center","Basra, 636'da Hz. Ömer döneminde garnizon şehir olarak kurulan ve Hint Okyanusu deniz ticaretinin başlıca İslam limanı haline gelen stratejik şehirdir. Arap dilbilimi ve edebiyatının beşiği olarak Sîbeveyhi ve Hasan-ı Basrî gibi dev isimleri yetiştirmiştir. Deniz ticareti sayesinde Çin'e kadar uzanan ticari bağlantılar kurulmuştur.","Basra, founded as a garrison city under Caliph Umar in 636, became the principal Islamic port for Indian Ocean maritime trade. As the cradle of Arabic linguistics and literature, it nurtured towering figures like Sibawayhi and Hasan al-Basri. Maritime trade established commercial connections extending to China.","Erken İslam garnizon kültürü, Arap dilbilimi geleneği ve denizci-tüccar topluluğun sentezi.","Şattülarab'ın Basra Körfezi'ne açıldığı noktada; Hint Okyanusu ticaretinin doğal limanı."
"12","Basra","Basra","30.51","47.81","800","300000","3","Abbâsî dönemi; deniz ticareti","Abbasid period; maritime trade","Basra, 636'da Hz. Ömer döneminde garnizon şehir olarak kurulan ve Hint Okyanusu deniz ticaretinin başlıca İslam limanı haline gelen stratejik şehirdir. Arap dilbilimi ve edebiyatının beşiği olarak Sîbeveyhi ve Hasan-ı Basrî gibi dev isimleri yetiştirmiştir. Deniz ticareti sayesinde Çin'e kadar uzanan ticari bağlantılar kurulmuştur.","Basra, founded as a garrison city under Caliph Umar in 636, became the principal Islamic port for Indian Ocean maritime trade. As the cradle of Arabic linguistics and literature, it nurtured towering figures like Sibawayhi and Hasan al-Basri. Maritime trade established commercial connections extending to China.","Erken İslam garnizon kültürü, Arap dilbilimi geleneği ve denizci-tüccar topluluğun sentezi.","Şattülarab'ın Basra Körfezi'ne açıldığı noktada; Hint Okyanusu ticaretinin doğal limanı."
"12","Basra","Basra","30.51","47.81","1200","50000","3","Gerileme","Decline","Basra, 636'da Hz. Ömer döneminde garnizon şehir olarak kurulan ve Hint Okyanusu deniz ticaretinin başlıca İslam limanı haline gelen stratejik şehirdir. Arap dilbilimi ve edebiyatının beşiği olarak Sîbeveyhi ve Hasan-ı Basrî gibi dev isimleri yetiştirmiştir. Deniz ticareti sayesinde Çin'e kadar uzanan ticari bağlantılar kurulmuştur.","Basra, founded as a garrison city under Caliph Umar in 636, became the principal Islamic port for Indian Ocean maritime trade. As the cradle of Arabic linguistics and literature, it nurtured towering figures like Sibawayhi and Hasan al-Basri. Maritime trade established commercial connections extending to China.","Erken İslam garnizon kültürü, Arap dilbilimi geleneği ve denizci-tüccar topluluğun sentezi.","Şattülarab'ın Basra Körfezi'ne açıldığı noktada; Hint Okyanusu ticaretinin doğal limanı."
"13","Kûfe","Kufa","32.03","44.4","670","200000","1","Râşidûn garnizonu","Rashidun garrison","Kûfe, Hz. Ömer döneminde 638'de kurulan ve İslam'ın en erken entelektüel merkezlerinden biri olan garnizon şehridir. Hz. Ali'nin hilafet merkezi olarak Şiî İslam'ın kutsal şehirlerinden biri haline geldi. Ebû Hanîfe burada yetişti; Kûfe okulu İslam hukuku ve Arapça gramerinin temel ekollerinden birini oluşturdu.","Kufa, founded in 638 under Caliph Umar, was one of Islam's earliest intellectual centers. As Ali's caliphate center, it became one of Shia Islam's sacred cities. Abu Hanifa was raised here; the Kufa school formed one of the fundamental schools of Islamic law and Arabic grammar.","Hz. Ali'nin hilafet merkezi; Şiî kimliğin kutsal coğrafyası; Hanefî fıkıh ve Kûfe gramer ekolünün doğum yeri.","Fırat Nehri kıyısında; Irak'ın güney tarım bölgesi ile çöl arasında geçiş noktası."
"13","Kûfe","Kufa","32.03","44.4","700","300000","2","Emevî dönemi","Umayyad period","Kûfe, Hz. Ömer döneminde 638'de kurulan ve İslam'ın en erken entelektüel merkezlerinden biri olan garnizon şehridir. Hz. Ali'nin hilafet merkezi olarak Şiî İslam'ın kutsal şehirlerinden biri haline geldi. Ebû Hanîfe burada yetişti; Kûfe okulu İslam hukuku ve Arapça gramerinin temel ekollerinden birini oluşturdu.","Kufa, founded in 638 under Caliph Umar, was one of Islam's earliest intellectual centers. As Ali's caliphate center, it became one of Shia Islam's sacred cities. Abu Hanifa was raised here; the Kufa school formed one of the fundamental schools of Islamic law and Arabic grammar.","Hz. Ali'nin hilafet merkezi; Şiî kimliğin kutsal coğrafyası; Hanefî fıkıh ve Kûfe gramer ekolünün doğum yeri.","Fırat Nehri kıyısında; Irak'ın güney tarım bölgesi ile çöl arasında geçiş noktası."
"13","Kûfe","Kufa","32.03","44.4","900","100000","3","Bağdat'a göç","Migration to Baghdad","Kûfe, Hz. Ömer döneminde 638'de kurulan ve İslam'ın en erken entelektüel merkezlerinden biri olan garnizon şehridir. Hz. Ali'nin hilafet merkezi olarak Şiî İslam'ın kutsal şehirlerinden biri haline geldi. Ebû Hanîfe burada yetişti; Kûfe okulu İslam hukuku ve Arapça gramerinin temel ekollerinden birini oluşturdu.","Kufa, founded in 638 under Caliph Umar, was one of Islam's earliest intellectual centers. As Ali's caliphate center, it became one of Shia Islam's sacred cities. Abu Hanifa was raised here; the Kufa school formed one of the fundamental schools of Islamic law and Arabic grammar.","Hz. Ali'nin hilafet merkezi; Şiî kimliğin kutsal coğrafyası; Hanefî fıkıh ve Kûfe gramer ekolünün doğum yeri.","Fırat Nehri kıyısında; Irak'ın güney tarım bölgesi ile çöl arasında geçiş noktası."
"14","Gırnata","Granada","37.18","-3.59","1300","150000","7","Nasrî başkenti; son İslam kalesi","Nasrid capital; last Islamic stronghold","Gırnata, 1238'den 1492'ye kadar İber Yarımadası'ndaki son İslam devleti Nasrî Emirliği'nin başkenti olarak Endülüs İslam medeniyetinin son kalesi ve en rafine eseri olan Alhambra'nın evidir. İki buçuk yüzyıl boyunca Reconquista baskısı altında hayatta kalan Gırnata, bu süreçte İslam sanatının en parlak eserlerini üretti — baskı altında çiçek açan medeniyetin paradoksal örneği.","Granada, capital of the Nasrid Emirate from 1238-1492, was the last Islamic stronghold in the Iberian Peninsula and home to the Alhambra. Surviving Reconquista pressure for two and a half centuries, Granada paradoxically produced Islamic art's most brilliant works during this period — an example of civilization flowering under pressure.","Nasrî dönemi sanat ve edebiyatı İslam İspanyası'nın son ve en rafine ifadesi; Endülüs geleneğinin muhafazakarı.","Sierra Nevada eteklerinde, doğal savunma avantajı; verimli Vega ovası."
"14","Gırnata","Granada","37.18","-3.59","1400","200000","7","Nasrî zirvesi","Nasrid peak","Gırnata, 1238'den 1492'ye kadar İber Yarımadası'ndaki son İslam devleti Nasrî Emirliği'nin başkenti olarak Endülüs İslam medeniyetinin son kalesi ve en rafine eseri olan Alhambra'nın evidir. İki buçuk yüzyıl boyunca Reconquista baskısı altında hayatta kalan Gırnata, bu süreçte İslam sanatının en parlak eserlerini üretti — baskı altında çiçek açan medeniyetin paradoksal örneği.","Granada, capital of the Nasrid Emirate from 1238-1492, was the last Islamic stronghold in the Iberian Peninsula and home to the Alhambra. Surviving Reconquista pressure for two and a half centuries, Granada paradoxically produced Islamic art's most brilliant works during this period — an example of civilization flowering under pressure.","Nasrî dönemi sanat ve edebiyatı İslam İspanyası'nın son ve en rafine ifadesi; Endülüs geleneğinin muhafazakarı.","Sierra Nevada eteklerinde, doğal savunma avantajı; verimli Vega ovası."
"15","Agra","Agra","27.18","78.02","1565","500000","178","Ekber dönemi","Akbar period","Agra, Bâbürlü İmparatorluğu'nun en görkemli döneminde Hindistan'ın fiili başkenti ve dünyanın en büyük şehirlerinden biriydi. Ekber, Cihangir ve Şah Cihan dönemlerinde Bâbürlü saray kültürünün merkezi olarak Tâc Mahal, Agra Kalesi ve İtimadüddevle Türbesi gibi başyapıtları barındırır.","Agra, during the Mughal Empire's most magnificent period, was India's de facto capital and one of the world's largest cities. As the center of Mughal court culture under Akbar, Jahangir and Shah Jahan, it houses masterpieces like the Taj Mahal, Agra Fort and Itimad-ud-Daulah's Tomb.","Bâbürlü saray kültürünün merkezi; Hint-İslam mimarisinin en görkemli örneklerinin evi.","Yamuna Nehri kıyısında; Kuzey Hindistan'ın merkezi konumunda."
"15","Agra","Agra","27.18","78.02","1650","700000","178","Şah Cihan dönemi; dünyanın en büyük şehirlerinden","Shah Jahan period; one of world's largest cities","Agra, Bâbürlü İmparatorluğu'nun en görkemli döneminde Hindistan'ın fiili başkenti ve dünyanın en büyük şehirlerinden biriydi. Ekber, Cihangir ve Şah Cihan dönemlerinde Bâbürlü saray kültürünün merkezi olarak Tâc Mahal, Agra Kalesi ve İtimadüddevle Türbesi gibi başyapıtları barındırır.","Agra, during the Mughal Empire's most magnificent period, was India's de facto capital and one of the world's largest cities. As the center of Mughal court culture under Akbar, Jahangir and Shah Jahan, it houses masterpieces like the Taj Mahal, Agra Fort and Itimad-ud-Daulah's Tomb.","Bâbürlü saray kültürünün merkezi; Hint-İslam mimarisinin en görkemli örneklerinin evi.","Yamuna Nehri kıyısında; Kuzey Hindistan'ın merkezi konumunda."
"16","Medine","Medina","24.47","39.61","630","20000","","Hz. Peygamber dönemi","Prophet's era","Medine, Hz. Muhammed'in hicretiyle İslam'ın ilk siyasi merkezi ve ikinci kutsal şehri olan yerdir. İslam devletinin ilk anayasası (Medine Vesikası) burada yazıldı, ilk cami (Mescid-i Nebevî) burada inşa edildi. Hz. Muhammed'in kabri şehri İslam'ın en önemli hac destinasyonlarından biri yapmıştır.","Medina was the first political center of Islam through the Prophet's Hijra and the second holiest city. The first Islamic constitution (Charter of Medina) was written here, the first mosque (Prophet's Mosque) built here. The Prophet's tomb makes the city one of Islam's most important pilgrimage destinations.","İslam'ın kurucu şehri; Peygamber geleneğinin canlı hafızası; İslam hukukunun ilk uygulama alanı.","Hicaz'ın verimli vahalarından biri; Şam-Mekke hac yolu üzerinde."
"16","Medine","Medina","24.47","39.61","700","50000","2","Emevî dönemi","Umayyad period","Medine, Hz. Muhammed'in hicretiyle İslam'ın ilk siyasi merkezi ve ikinci kutsal şehri olan yerdir. İslam devletinin ilk anayasası (Medine Vesikası) burada yazıldı, ilk cami (Mescid-i Nebevî) burada inşa edildi. Hz. Muhammed'in kabri şehri İslam'ın en önemli hac destinasyonlarından biri yapmıştır.","Medina was the first political center of Islam through the Prophet's Hijra and the second holiest city. The first Islamic constitution (Charter of Medina) was written here, the first mosque (Prophet's Mosque) built here. The Prophet's tomb makes the city one of Islam's most important pilgrimage destinations.","İslam'ın kurucu şehri; Peygamber geleneğinin canlı hafızası; İslam hukukunun ilk uygulama alanı.","Hicaz'ın verimli vahalarından biri; Şam-Mekke hac yolu üzerinde."
"16","Medine","Medina","24.47","39.61","1600","30000","124","Osmanlı dönemi","Ottoman period","Medine, Hz. Muhammed'in hicretiyle İslam'ın ilk siyasi merkezi ve ikinci kutsal şehri olan yerdir. İslam devletinin ilk anayasası (Medine Vesikası) burada yazıldı, ilk cami (Mescid-i Nebevî) burada inşa edildi. Hz. Muhammed'in kabri şehri İslam'ın en önemli hac destinasyonlarından biri yapmıştır.","Medina was the first political center of Islam through the Prophet's Hijra and the second holiest city. The first Islamic constitution (Charter of Medina) was written here, the first mosque (Prophet's Mosque) built here. The Prophet's tomb makes the city one of Islam's most important pilgrimage destinations.","İslam'ın kurucu şehri; Peygamber geleneğinin canlı hafızası; İslam hukukunun ilk uygulama alanı.","Hicaz'ın verimli vahalarından biri; Şam-Mekke hac yolu üzerinde."
"17","Halep","Aleppo","36.2","37.15","950","100000","34","Hamdânî başkenti","Hamdanid capital","Halep, Antik çağdan beri Ortadoğu'nun en önemli ticaret merkezlerinden biri olarak İslam döneminde de stratejik konumunu korumuştur. Hamdânî emîri Seyfüddevle'nin sarayı Mütenebbî ve Fârâbî'yi ağırlayan bir kültür merkeziydi. Osmanlı döneminde İpek Yolu ticaretinin önemli bir durağı ve sabun üretim merkezi olarak ekonomik canlılığını sürdürdü.","Aleppo, one of the Middle East's most important trade centers since antiquity, maintained its strategic position through the Islamic period. Hamdanid emir Sayf al-Dawla's court was a cultural center hosting al-Mutanabbi and al-Farabi. During the Ottoman era it continued as a vital silk trade station and soap production center.","Arap ticaret kültürü; çarşı geleneğinin en zengin örneklerinden biri; Hamdânî kültür mirası.","Akdeniz-Mezopotamya-Anadolu ticaret yollarının kavşağı; Fırat'a yakın stratejik konum."
"17","Halep","Aleppo","36.2","37.15","1200","150000","117","Zengî dönemi","Zangid period","Halep, Antik çağdan beri Ortadoğu'nun en önemli ticaret merkezlerinden biri olarak İslam döneminde de stratejik konumunu korumuştur. Hamdânî emîri Seyfüddevle'nin sarayı Mütenebbî ve Fârâbî'yi ağırlayan bir kültür merkeziydi. Osmanlı döneminde İpek Yolu ticaretinin önemli bir durağı ve sabun üretim merkezi olarak ekonomik canlılığını sürdürdü.","Aleppo, one of the Middle East's most important trade centers since antiquity, maintained its strategic position through the Islamic period. Hamdanid emir Sayf al-Dawla's court was a cultural center hosting al-Mutanabbi and al-Farabi. During the Ottoman era it continued as a vital silk trade station and soap production center.","Arap ticaret kültürü; çarşı geleneğinin en zengin örneklerinden biri; Hamdânî kültür mirası.","Akdeniz-Mezopotamya-Anadolu ticaret yollarının kavşağı; Fırat'a yakın stratejik konum."
"17","Halep","Aleppo","36.2","37.15","1600","120000","124","Osmanlı; ipek ticareti","Ottoman; silk trade","Halep, Antik çağdan beri Ortadoğu'nun en önemli ticaret merkezlerinden biri olarak İslam döneminde de stratejik konumunu korumuştur. Hamdânî emîri Seyfüddevle'nin sarayı Mütenebbî ve Fârâbî'yi ağırlayan bir kültür merkeziydi. Osmanlı döneminde İpek Yolu ticaretinin önemli bir durağı ve sabun üretim merkezi olarak ekonomik canlılığını sürdürdü.","Aleppo, one of the Middle East's most important trade centers since antiquity, maintained its strategic position through the Islamic period. Hamdanid emir Sayf al-Dawla's court was a cultural center hosting al-Mutanabbi and al-Farabi. During the Ottoman era it continued as a vital silk trade station and soap production center.","Arap ticaret kültürü; çarşı geleneğinin en zengin örneklerinden biri; Hamdânî kültür mirası.","Akdeniz-Mezopotamya-Anadolu ticaret yollarının kavşağı; Fırat'a yakın stratejik konum."
"18","Tebriz","Tabriz","38.08","46.29","1300","500000","99","İlhanlı başkenti; dünyanın en büyük şehirlerinden","Ilkhanid capital; one of world's largest","Tebriz, İlhanlı döneminde dünyanın en büyük şehirlerinden biri ve Moğol İmparatorluğu'nun batı başkenti olarak uluslararası ticaretin merkezi olmuştur. Safevî döneminde ilk başkent olan Tebriz, Karadeniz-İran İpek Yolu'nun kilit noktası olarak ipek ticaretinin ana terminaliydi.","Tabriz was one of the world's largest cities during the Ilkhanid period and center of international trade as the western capital of the Mongol Empire. As the first Safavid capital, Tabriz was the key point of the Black Sea-Iran Silk Route and main terminal for silk trade.","İlhanlı kozmopolitliği; Türk-Azerbaycan kültür kimliği; İran ipek ticaretinin merkezi.","İran Azerbaycanı'nda; Karadeniz-İran ticaret yolunun doğal kavşağı."
"18","Tebriz","Tabriz","38.08","46.29","1500","300000","107","Safevî ilk başkenti","First Safavid capital","Tebriz, İlhanlı döneminde dünyanın en büyük şehirlerinden biri ve Moğol İmparatorluğu'nun batı başkenti olarak uluslararası ticaretin merkezi olmuştur. Safevî döneminde ilk başkent olan Tebriz, Karadeniz-İran İpek Yolu'nun kilit noktası olarak ipek ticaretinin ana terminaliydi.","Tabriz was one of the world's largest cities during the Ilkhanid period and center of international trade as the western capital of the Mongol Empire. As the first Safavid capital, Tabriz was the key point of the Black Sea-Iran Silk Route and main terminal for silk trade.","İlhanlı kozmopolitliği; Türk-Azerbaycan kültür kimliği; İran ipek ticaretinin merkezi.","İran Azerbaycanı'nda; Karadeniz-İran ticaret yolunun doğal kavşağı."
"19","Herat","Herat","34.35","62.2","1420","200000","106","Timurlu kültür başkenti","Timurid cultural capital","Herat, Timurlu döneminde özellikle Sultan Hüseyin Baykara'nın sarayıyla İslam dünyasının en parlak kültür başkentlerinden biri haline geldi. Ali Şîr Nevâî, Behzâd ve Molla Câmî gibi dev isimlerin bir arada çalıştığı şehir, Türk-Fars kültürel sentezinin en yoğun merkezi olarak minyatür sanatı, edebiyat ve musikide çığır açtı.","Herat became one of the Islamic world's most brilliant cultural capitals during the Timurid period, especially under Sultan Husayn Bayqara's court. The city where towering figures like Nava'i, Behzad and Jami worked together was the most intense center of Turkic-Persian cultural synthesis, pioneering in miniature art, literature and music.","Timurlu saray kültürünün en parlak merkezi; Türk-Fars sentezinin entelektüel başkenti.","Horasan'ın batı kapısı; İran, Orta Asya ve Hindistan yollarının kesişim noktası."
"19","Herat","Herat","34.35","62.2","1500","150000","106","Hüseyin Baykara dönemi","Husayn Bayqara period","Herat, Timurlu döneminde özellikle Sultan Hüseyin Baykara'nın sarayıyla İslam dünyasının en parlak kültür başkentlerinden biri haline geldi. Ali Şîr Nevâî, Behzâd ve Molla Câmî gibi dev isimlerin bir arada çalıştığı şehir, Türk-Fars kültürel sentezinin en yoğun merkezi olarak minyatür sanatı, edebiyat ve musikide çığır açtı.","Herat became one of the Islamic world's most brilliant cultural capitals during the Timurid period, especially under Sultan Husayn Bayqara's court. The city where towering figures like Nava'i, Behzad and Jami worked together was the most intense center of Turkic-Persian cultural synthesis, pioneering in miniature art, literature and music.","Timurlu saray kültürünün en parlak merkezi; Türk-Fars sentezinin entelektüel başkenti.","Horasan'ın batı kapısı; İran, Orta Asya ve Hindistan yollarının kesişim noktası."
"20","Gao","Gao","16.27","-0.04","1000","40000","59","Songay başkenti","Songhai capital","Gao, Songay İmparatorluğu'nun başkenti olarak Batı Afrika'nın en güçlü devletinin siyasi merkeziydi. Niger Nehri kıyısındaki stratejik konumuyla Trans-Sahra ticaretinin güney terminallerinden biriydi. Songay İmparatorluğu 15.-16. yüzyıllarda Timbuktu ve Djenné'yi de kontrol ederek Batı Afrika'nın en geniş İslam devletini oluşturdu.","Gao was the political center of West Africa's most powerful state as the Songhai Empire's capital. Strategically positioned on the Niger River, it was one of the southern terminals of Trans-Saharan trade. The Songhai Empire in the 15th-16th centuries controlled Timbuktu and Djenné, forming West Africa's largest Islamic state.","Songay İmparatorluğu'nun idari ve askeri merkezi; Niger Nehri ticaretinin kontrol noktası.","Niger Nehri'nin stratejik bükümünde; çöl-savana geçiş bölgesi ve ticaret kavşağı."
"20","Gao","Gao","16.27","-0.04","1500","100000","59","Songay zirvesi","Songhai peak","Gao, Songay İmparatorluğu'nun başkenti olarak Batı Afrika'nın en güçlü devletinin siyasi merkeziydi. Niger Nehri kıyısındaki stratejik konumuyla Trans-Sahra ticaretinin güney terminallerinden biriydi. Songay İmparatorluğu 15.-16. yüzyıllarda Timbuktu ve Djenné'yi de kontrol ederek Batı Afrika'nın en geniş İslam devletini oluşturdu.","Gao was the political center of West Africa's most powerful state as the Songhai Empire's capital. Strategically positioned on the Niger River, it was one of the southern terminals of Trans-Saharan trade. The Songhai Empire in the 15th-16th centuries controlled Timbuktu and Djenné, forming West Africa's largest Islamic state.","Songay İmparatorluğu'nun idari ve askeri merkezi; Niger Nehri ticaretinin kontrol noktası.","Niger Nehri'nin stratejik bükümünde; çöl-savana geçiş bölgesi ve ticaret kavşağı."
